Frequency	dBm
0.000000	2.016889
12.500000	3.081266
25.000000	-2.880894
37.500000	-13.277443
50.000000	-28.989442
62.500000	-50.088738
75.000000	-56.322825
87.500000	-57.439309
100.000000	-57.923301
112.500000	-58.573673
125.000000	-58.937477
137.500000	-57.342798
150.000000	-55.748069
162.500000	-56.193120
175.000000	-57.541704
187.500000	-57.256968
200.000000	-56.824389
212.500000	-57.007686
225.000000	-56.916699
237.500000	-56.366427
250.000000	-56.441642
262.500000	-56.834711
275.000000	-56.812397
287.500000	-57.035174
300.000000	-57.596921
312.500000	-58.714980
325.000000	-59.042528
337.500000	-58.256753
350.000000	-58.551862
362.500000	-59.450201
375.000000	-59.855461
387.500000	-59.322432
400.000000	-58.125864
412.500000	-57.664479
425.000000	-57.510462
437.500000	-57.367619
450.000000	-58.163894
462.500000	-58.375560
475.000000	-56.583673
487.500000	-55.388231
500.000000	-55.752907
512.500000	-57.346669
525.000000	-59.647398
537.500000	-61.143687
550.000000	-60.573864
562.500000	-59.736848
575.000000	-59.456406
587.500000	-59.646019
600.000000	-60.000850
612.500000	-58.875688
625.000000	-58.915994
637.500000	-61.046876
650.000000	-60.016853
662.500000	-58.411611
675.000000	-57.892217
687.500000	-57.646280
700.000000	-57.765770
712.500000	-57.510177
725.000000	-57.578397
737.500000	-58.867088
750.000000	-59.213028
762.500000	-58.768929
775.000000	-59.353198
787.500000	-60.236449
800.000000	-59.634086
812.500000	-57.978539
825.000000	-56.471827
837.500000	-55.612878
850.000000	-56.078833
862.500000	-57.905606
875.000000	-59.100271
887.500000	-59.409926
900.000000	-59.604737
912.500000	-59.221060
925.000000	-59.568516
937.500000	-55.979227
950.000000	-32.904933
962.500000	-17.107795
975.000000	-6.688152
987.500000	-0.708992
1000.000000	1.252677
1012.500000	-0.675235
1025.000000	-6.608806
1037.500000	-16.932460
1050.000000	-32.334482
1062.500000	-50.964252
1075.000000	-54.200052
1087.500000	-55.215688
1100.000000	-57.069677
1112.500000	-57.988149
1125.000000	-58.251939
1137.500000	-58.064589
1150.000000	-57.697757
1162.500000	-57.514913
1175.000000	-57.403758
1187.500000	-56.750640
1200.000000	-56.237813
1212.500000	-56.610181
1225.000000	-57.302113
1237.500000	-57.530966
1250.000000	-57.675978
1262.500000	-58.649293
1275.000000	-59.305188
1287.500000	-58.351558
1300.000000	-57.500071
1312.500000	-57.144171
1325.000000	-56.774282
1337.500000	-57.457255
1350.000000	-58.969778
1362.500000	-57.948327
1375.000000	-56.958449
1387.500000	-57.667116
1400.000000	-58.048223
1412.500000	-57.698457
1425.000000	-57.678863
1437.500000	-57.699882
1450.000000	-57.450890
1462.500000	-56.972244
1475.000000	-56.940686
1487.500000	-57.619353
1500.000000	-58.061259
1512.500000	-58.137552
1525.000000	-58.230706
1537.500000	-58.473955
1550.000000	-59.560220
1562.500000	-60.973870
1575.000000	-60.775512
1587.500000	-60.444840
1600.000000	-60.615868
1612.500000	-59.399270
1625.000000	-58.900464
1637.500000	-59.945655
1650.000000	-59.250608
1662.500000	-57.774193
1675.000000	-56.900088
1687.500000	-56.523476
1700.000000	-56.739752
1712.500000	-57.262298
1725.000000	-57.742755
1737.500000	-58.452849
1750.000000	-58.666497
1762.500000	-57.907809
1775.000000	-57.627949
1787.500000	-58.157661
1800.000000	-58.780491
1812.500000	-58.245092
1825.000000	-56.668443
1837.500000	-56.104136
1850.000000	-57.077182
1862.500000	-57.713352
1875.000000	-57.090860
1887.500000	-57.258625
1900.000000	-58.021505
1912.500000	-58.064607
1925.000000	-57.588260
1937.500000	-56.875448
1950.000000	-55.565388
1962.500000	-53.287324
1975.000000	-50.838634
1987.500000	-48.898948
2000.000000	-48.099010
2012.500000	-48.874366
2025.000000	-50.827900
2037.500000	-53.197538
2050.000000	-54.859996
2062.500000	-54.038800
2075.000000	-52.234562
2087.500000	-52.296414
2100.000000	-54.500308
2112.500000	-56.837126
2125.000000	-57.505272
2137.500000	-56.842630
2150.000000	-56.694265
2162.500000	-57.688603
2175.000000	-59.312632
2187.500000	-60.609981
2200.000000	-60.869938
2212.500000	-60.778373
2225.000000	-59.971532
2237.500000	-59.000215
2250.000000	-58.619902
2262.500000	-59.558404
2275.000000	-61.369109
2287.500000	-60.868797
2300.000000	-59.883957
2312.500000	-59.765245
2325.000000	-59.654599
2337.500000	-59.041703
2350.000000	-57.973417
2362.500000	-57.298308
2375.000000	-57.929535
2387.500000	-59.324601
2400.000000	-59.700072
2412.500000	-58.996915
2425.000000	-58.222629
2437.500000	-57.807193
2450.000000	-57.755252
2462.500000	-57.954767
2475.000000	-58.532367
2487.500000	-58.520220
2500.000000	-58.043971
2512.500000	-57.855014
2525.000000	-57.671628
2537.500000	-57.680502
2550.000000	-58.663007
2562.500000	-60.176293
2575.000000	-59.478113
2587.500000	-58.759808
2600.000000	-59.044295
2612.500000	-58.894286
2625.000000	-58.979095
2637.500000	-59.201156
2650.000000	-58.411611
2662.500000	-58.320872
2675.000000	-59.554215
2687.500000	-60.039705
2700.000000	-58.939256
2712.500000	-57.816612
2725.000000	-57.675142
2737.500000	-58.237147
2750.000000	-57.888674
2762.500000	-56.843600
2775.000000	-56.796662
2787.500000	-57.979971
2800.000000	-59.354483
2812.500000	-59.720451
2825.000000	-59.358777
2837.500000	-59.150205
2850.000000	-58.818239
2862.500000	-58.606921
2875.000000	-58.554815
2887.500000	-58.746595
2900.000000	-59.624954
2912.500000	-60.369361
2925.000000	-60.085118
2937.500000	-58.971324
2950.000000	-42.515046
2962.500000	-26.785280
2975.000000	-16.311965
2987.500000	-10.291509
3000.000000	-8.296072
3012.500000	-10.190694
3025.000000	-16.079584
3037.500000	-26.295810
3050.000000	-41.159657
3062.500000	-55.771064
3075.000000	-56.627230
3087.500000	-56.330339
3100.000000	-57.219807
3112.500000	-58.991926
3125.000000	-60.286691
3137.500000	-60.543144
3150.000000	-60.438255
3162.500000	-59.687367
3175.000000	-58.890705
3187.500000	-58.737986
3200.000000	-58.667575
3212.500000	-58.800497
3225.000000	-59.158933
3237.500000	-59.376835
3250.000000	-60.019995
3262.500000	-60.422225
3275.000000	-59.376065
3287.500000	-57.780739
3300.000000	-56.903502
3312.500000	-56.530105
3325.000000	-56.246590
3337.500000	-56.637921
3350.000000	-57.816098
3362.500000	-59.157388
3375.000000	-59.377935
3387.500000	-58.241617
3400.000000	-57.135774
3412.500000	-56.142972
3425.000000	-55.681498
3437.500000	-56.228282
3450.000000	-57.593445
3462.500000	-58.982549
3475.000000	-59.442074
3487.500000	-58.993599
3500.000000	-59.042496
3512.500000	-59.572889
3525.000000	-59.556104
3537.500000	-59.625555
3550.000000	-60.066053
3562.500000	-59.554012
3575.000000	-58.697694
3587.500000	-58.851251
3600.000000	-59.607709
3612.500000	-59.771851
3625.000000	-59.472012
3637.500000	-59.076539
3650.000000	-58.815340
3662.500000	-58.346083
3675.000000	-58.251114
3687.500000	-58.803617
3700.000000	-58.273793
3712.500000	-57.346598
3725.000000	-57.712033
3737.500000	-58.665985
3750.000000	-58.924994
3762.500000	-57.648489
3775.000000	-55.983217
3787.500000	-55.815439
3800.000000	-57.218521
3812.500000	-58.854496
3825.000000	-58.714891
3837.500000	-58.167250
3850.000000	-58.352454
3862.500000	-58.546235
3875.000000	-58.280492
3887.500000	-57.534865
3900.000000	-57.373244
3912.500000	-57.931848
3925.000000	-57.021578
3937.500000	-55.173380
3950.000000	-53.616734
3962.500000	-52.169532
3975.000000	-50.261593
3987.500000	-48.223452
4000.000000	-47.234480
4012.500000	-48.076504
4025.000000	-50.516002
4037.500000	-53.524853
4050.000000	-56.082798
4062.500000	-57.223862
4075.000000	-57.897040
4087.500000	-58.930471
4100.000000	-60.066610
4112.500000	-59.321013
4125.000000	-57.192184
4137.500000	-56.360087
4150.000000	-56.682345
4162.500000	-58.020781
4175.000000	-59.484871
4187.500000	-59.501374
4200.000000	-59.156413
4212.500000	-59.671022
4225.000000	-59.729300
4237.500000	-58.243948
4250.000000	-56.957075
4262.500000	-56.669450
4275.000000	-57.369279
4287.500000	-58.449322
4300.000000	-59.077356
4312.500000	-58.958909
4325.000000	-58.176031
4337.500000	-57.028773
4350.000000	-56.955401
4362.500000	-58.249241
4375.000000	-59.440503
4387.500000	-58.964177
4400.000000	-57.551984
4412.500000	-56.702275
4425.000000	-57.199432
4437.500000	-58.602029
4450.000000	-59.658751
4462.500000	-60.178456
4475.000000	-60.338481
4487.500000	-59.250164
4500.000000	-58.286156
4512.500000	-58.920043
4525.000000	-60.374571
4537.500000	-60.586720
4550.000000	-60.507330
4562.500000	-60.720123
4575.000000	-60.456080
4587.500000	-59.913985
4600.000000	-59.670472
4612.500000	-59.932912
4625.000000	-59.944140
4637.500000	-59.951760
4650.000000	-59.319069
4662.500000	-57.966826
4675.000000	-57.737318
4687.500000	-58.402627
4700.000000	-57.357272
4712.500000	-56.320722
4725.000000	-57.028524
4737.500000	-58.315469
4750.000000	-59.523137
4762.500000	-59.455667
4775.000000	-57.463524
4787.500000	-56.606732
4800.000000	-57.341758
4812.500000	-57.191171
4825.000000	-55.758647
4837.500000	-55.470366
4850.000000	-56.535636
4862.500000	-57.816140
4875.000000	-58.809678
4887.500000	-59.168297
4900.000000	-58.095103
4912.500000	-57.346089
4925.000000	-57.314914
4937.500000	-56.667027
4950.000000	-46.875489
4962.500000	-31.377347
4975.000000	-20.828045
4987.500000	-14.769568
5000.000000	-12.746809
5012.500000	-14.613975
5025.000000	-20.467056
5037.500000	-30.618268
5050.000000	-45.241548
5062.500000	-58.480561
5075.000000	-59.037791
5087.500000	-58.117861
5100.000000	-58.234256
5112.500000	-58.428449
5125.000000	-57.765353
5137.500000	-57.733551
5150.000000	-58.334495
5162.500000	-59.378979
5175.000000	-61.089149
5187.500000	-62.244848
5200.000000	-61.790030
5212.500000	-61.148141
5225.000000	-61.045100
5237.500000	-60.185950
5250.000000	-58.980693
5262.500000	-58.261366
5275.000000	-58.089244
5287.500000	-58.121021
5300.000000	-57.829942
5312.500000	-57.516215
5325.000000	-57.126556
5337.500000	-56.683321
5350.000000	-57.233636
5362.500000	-58.160872
5375.000000	-58.558496
5387.500000	-59.031783
5400.000000	-58.125799
5412.500000	-56.877302
5425.000000	-57.085116
5437.500000	-58.385945
5450.000000	-59.399663
5462.500000	-58.864913
5475.000000	-57.820484
5487.500000	-57.819559
5500.000000	-58.738946
5512.500000	-59.839770
5525.000000	-61.242726
5537.500000	-60.945247
5550.000000	-60.194846
5562.500000	-60.474223
5575.000000	-61.228265
5587.500000	-61.154507
5600.000000	-58.837566
5612.500000	-57.691058
5625.000000	-58.526115
5637.500000	-59.239252
5650.000000	-59.013163
5662.500000	-58.562993
5675.000000	-58.578153
5687.500000	-59.635055
5700.000000	-60.022690
5712.500000	-59.136469
5725.000000	-58.828354
5737.500000	-59.045844
5750.000000	-59.035165
5762.500000	-59.428865
5775.000000	-60.022126
5787.500000	-59.837957
5800.000000	-59.417677
5812.500000	-58.545824
5825.000000	-57.731950
5837.500000	-57.451952
5850.000000	-58.053353
5862.500000	-59.620966
5875.000000	-61.653595
5887.500000	-61.897499
5900.000000	-59.461164
5912.500000	-57.539240
5925.000000	-56.783071
5937.500000	-56.434609
5950.000000	-54.775559
5962.500000	-52.198883
5975.000000	-49.678295
5987.500000	-47.920264
6000.000000	-47.516452
6012.500000	-48.685761
6025.000000	-50.976291
6037.500000	-53.723436
6050.000000	-56.114219
6062.500000	-56.621069
6075.000000	-56.643485
6087.500000	-57.612198
6100.000000	-58.456651
6112.500000	-58.485848
6125.000000	-58.125086
6137.500000	-58.126433
6150.000000	-58.813199
6162.500000	-60.021550
6175.000000	-60.894466
6187.500000	-61.387846
6200.000000	-61.976591
6212.500000	-62.355617
6225.000000	-61.255480
6237.500000	-59.740356
6250.000000	-59.264368
6262.500000	-59.356841
6275.000000	-59.325374
6287.500000	-59.201481
6300.000000	-58.498141
6312.500000	-57.073548
6325.000000	-55.925403
6337.500000	-56.028623
6350.000000	-57.742217
6362.500000	-59.355605
6375.000000	-59.152276
6387.500000	-58.949419
6400.000000	-58.555787
6412.500000	-57.751339
6425.000000	-57.411681
6437.500000	-57.507277
6450.000000	-57.708059
6462.500000	-57.775523
6475.000000	-57.637294
6487.500000	-57.739076
6500.000000	-57.679392
6512.500000	-56.741159
6525.000000	-56.219392
6537.500000	-56.966876
6550.000000	-58.579487
6562.500000	-60.373532
6575.000000	-62.065001
6587.500000	-62.421644
6600.000000	-61.109782
6612.500000	-60.363141
6625.000000	-60.357178
6637.500000	-59.992003
6650.000000	-59.837415
6662.500000	-59.620461
6675.000000	-59.564538
6687.500000	-59.109672
6700.000000	-57.678861
6712.500000	-57.381724
6725.000000	-58.342688
6737.500000	-59.120314
6750.000000	-58.811096
6762.500000	-58.036690
6775.000000	-57.497984
6787.500000	-57.391430
6800.000000	-57.676195
6812.500000	-57.554710
6825.000000	-57.517278
6837.500000	-58.125180
6850.000000	-58.650720
6862.500000	-58.264494
6875.000000	-57.374193
6887.500000	-56.893677
6900.000000	-57.365204
6912.500000	-57.683991
6925.000000	-57.272867
6937.500000	-56.397144
6950.000000	-49.307242
6962.500000	-34.368419
6975.000000	-23.788241
6987.500000	-17.695564
7000.000000	-15.639207
7012.500000	-17.465485
7025.000000	-23.259752
7037.500000	-33.329736
7050.000000	-47.913361
7062.500000	-58.384911
7075.000000	-58.436199
7087.500000	-57.159094
7100.000000	-56.563380
7112.500000	-57.170772
7125.000000	-57.943472
7137.500000	-57.937266
7150.000000	-58.148979
7162.500000	-59.005889
7175.000000	-58.778823
7187.500000	-57.845130
7200.000000	-58.174570
7212.500000	-59.578802
7225.000000	-59.634572
7237.500000	-58.954709
7250.000000	-58.574580
7262.500000	-58.006786
7275.000000	-57.790675
7287.500000	-58.407190
7300.000000	-59.646944
7312.500000	-60.058223
7325.000000	-59.260251
7337.500000	-59.224454
7350.000000	-59.538962
7362.500000	-58.588864
7375.000000	-57.642831
7387.500000	-57.395207
7400.000000	-57.703059
7412.500000	-57.984503
7425.000000	-58.226886
7437.500000	-58.964922
7450.000000	-58.911698
7462.500000	-57.874215
7475.000000	-57.269470
7487.500000	-57.690280
7500.000000	-58.953583
7512.500000	-59.040031
7525.000000	-57.708319
7537.500000	-56.975621
7550.000000	-57.036552
7562.500000	-57.468941
7575.000000	-57.679720
7587.500000	-56.971721
7600.000000	-56.323390
7612.500000	-56.414960
7625.000000	-56.932022
7637.500000	-58.257926
7650.000000	-60.372140
7662.500000	-60.502416
7675.000000	-59.861047
7687.500000	-60.389252
7700.000000	-60.062928
7712.500000	-58.961121
7725.000000	-58.639029
7737.500000	-58.977757
7750.000000	-58.389883
7762.500000	-57.549684
7775.000000	-57.932601
7787.500000	-58.656848
7800.000000	-58.204123
7812.500000	-57.443567
7825.000000	-57.362033
7837.500000	-58.213465
7850.000000	-59.194494
7862.500000	-58.797226
7875.000000	-57.800996
7887.500000	-57.809803
7900.000000	-58.210145
7912.500000	-58.440612
7925.000000	-58.800420
7937.500000	-57.443453
7950.000000	-54.707496
7962.500000	-52.659625
7975.000000	-50.999322
7987.500000	-49.391123
8000.000000	-48.753689
8012.500000	-49.814844
8025.000000	-52.039023
8037.500000	-54.220227
8050.000000	-55.948462
8062.500000	-57.072552
8075.000000	-57.587535
8087.500000	-57.474632
8100.000000	-57.654435
8112.500000	-58.544707
8125.000000	-58.905078
8137.500000	-58.000645
8150.000000	-57.302763
8162.500000	-57.283820
8175.000000	-57.373538
8187.500000	-57.598461
8200.000000	-58.558915
8212.500000	-59.127549
8225.000000	-57.847447
8237.500000	-57.084682
8250.000000	-57.287186
8262.500000	-57.381842
8275.000000	-56.769486
8287.500000	-56.473630
8300.000000	-57.427579
8312.500000	-59.390309
8325.000000	-61.729856
8337.500000	-61.816159
8350.000000	-59.854789
8362.500000	-58.813762
8375.000000	-59.568137
8387.500000	-60.181135
8400.000000	-58.609531
8412.500000	-58.053233
8425.000000	-59.388465
8437.500000	-60.647986
8450.000000	-60.247531
8462.500000	-60.404928
8475.000000	-61.647854
8487.500000	-61.035473
8500.000000	-60.243396
8512.500000	-60.571381
8525.000000	-59.538024
8537.500000	-58.122148
8550.000000	-57.946728
8562.500000	-58.498179
8575.000000	-59.093264
8587.500000	-59.458578
8600.000000	-59.768231
8612.500000	-58.780668
8625.000000	-57.706851
8637.500000	-57.708438
8650.000000	-58.072678
8662.500000	-58.015694
8675.000000	-57.914690
8687.500000	-59.282786
8700.000000	-61.653881
8712.500000	-60.692451
8725.000000	-58.554689
8737.500000	-57.772109
8750.000000	-57.575096
8762.500000	-57.202418
8775.000000	-57.238655
8787.500000	-57.462751
8800.000000	-57.431341
8812.500000	-57.809046
8825.000000	-58.645011
8837.500000	-58.871639
8850.000000	-58.192884
8862.500000	-57.827558
8875.000000	-58.140270
8887.500000	-59.672238
8900.000000	-60.840729
8912.500000	-59.908139
8925.000000	-59.194947
8937.500000	-58.210231
8950.000000	-50.609730
8962.500000	-36.487496
8975.000000	-25.985266
8987.500000	-19.878405
9000.000000	-17.791985
9012.500000	-19.570874
9025.000000	-25.265249
9037.500000	-34.998159
9050.000000	-47.858879
9062.500000	-56.894838
9075.000000	-59.296033
9087.500000	-59.614922
9100.000000	-59.099679
9112.500000	-58.729612
9125.000000	-59.011266
9137.500000	-58.620684
9150.000000	-57.941055
9162.500000	-57.759343
9175.000000	-57.618780
9187.500000	-57.921569
9200.000000	-58.814897
9212.500000	-59.483485
9225.000000	-59.686470
9237.500000	-59.961705
9250.000000	-59.709892
9262.500000	-59.751275
9275.000000	-60.163168
9287.500000	-59.517294
9300.000000	-58.157472
9312.500000	-57.145632
9325.000000	-56.830187
9337.500000	-56.773534
9350.000000	-57.067942
9362.500000	-57.653447
9375.000000	-58.448455
9387.500000	-59.480187
9400.000000	-59.960515
9412.500000	-59.905162
9425.000000	-59.990128
9437.500000	-59.256396
9450.000000	-58.669732
9462.500000	-58.882113
9475.000000	-58.899261
9487.500000	-59.022390
9500.000000	-59.467919
9512.500000	-60.349549
9525.000000	-61.454010
9537.500000	-60.734198
9550.000000	-59.075955
9562.500000	-58.726361
9575.000000	-58.748154
9587.500000	-58.214619
9600.000000	-58.071747
9612.500000	-59.389569
9625.000000	-61.284050
9637.500000	-60.219865
9650.000000	-58.647364
9662.500000	-57.936046
9675.000000	-57.401485
9687.500000	-57.450662
9700.000000	-58.190834
9712.500000	-58.752280
9725.000000	-58.797854
9737.500000	-58.729610
9750.000000	-58.948020
9762.500000	-59.803172
9775.000000	-60.622834
9787.500000	-60.974184
9800.000000	-61.792890
9812.500000	-62.094124
9825.000000	-61.070273
9837.500000	-59.779900
9850.000000	-58.607560
9862.500000	-58.006716
9875.000000	-58.122167
9887.500000	-58.292532
9900.000000	-57.736230
9912.500000	-57.065836
9925.000000	-56.661813
9937.500000	-55.882231
9950.000000	-54.538212
9962.500000	-52.901239
9975.000000	-50.834690
9987.500000	-48.974551
10000.000000	-48.224621
10012.500000	-48.951685
10025.000000	-50.908330
10037.500000	-53.237267
10050.000000	-55.085190
10062.500000	-56.434850
10075.000000	-57.613927
10087.500000	-58.161926
10100.000000	-57.729270
10112.500000	-57.555968
10125.000000	-58.398601
10137.500000	-58.521899
10150.000000	-57.612777
10162.500000	-57.607119
10175.000000	-58.679910
10187.500000	-58.928917
10200.000000	-58.836026
10212.500000	-59.437087
10225.000000	-59.719196
10237.500000	-59.073937
10250.000000	-58.163589
10262.500000	-58.162991
10275.000000	-59.117277
10287.500000	-59.511645
10300.000000	-58.603876
10312.500000	-58.300960
10325.000000	-59.194282
10337.500000	-60.510728
10350.000000	-60.557708
10362.500000	-59.159277
10375.000000	-58.633215
10387.500000	-59.705146
10400.000000	-60.647017
10412.500000	-59.475648
10425.000000	-58.523655
10437.500000	-58.136732
10450.000000	-58.611593
10462.500000	-59.117323
10475.000000	-57.938063
10487.500000	-57.383457
10500.000000	-57.670207
10512.500000	-58.201228
10525.000000	-58.535344
10537.500000	-57.024971
10550.000000	-55.343530
10562.500000	-55.316979
10575.000000	-57.042822
10587.500000	-57.978551
10600.000000	-57.224521
10612.500000	-58.151456
10625.000000	-59.919619
10637.500000	-59.817938
10650.000000	-59.678818
10662.500000	-60.091104
10675.000000	-59.800179
10687.500000	-59.587733
10700.000000	-60.013113
10712.500000	-59.993438
10725.000000	-59.701688
10737.500000	-59.941930
10750.000000	-60.180990
10762.500000	-59.478774
10775.000000	-58.962139
10787.500000	-58.835870
10800.000000	-58.295110
10812.500000	-58.141499
10825.000000	-58.681052
10837.500000	-58.890597
10850.000000	-58.552238
10862.500000	-57.868745
10875.000000	-57.356439
10887.500000	-57.593431
10900.000000	-58.659334
10912.500000	-59.631785
10925.000000	-59.452381
10937.500000	-57.761741
10950.000000	-51.609376
10962.500000	-38.105258
10975.000000	-27.667139
10987.500000	-21.571739
11000.000000	-19.482294
11012.500000	-21.253256
11025.000000	-26.941521
11037.500000	-36.694786
11050.000000	-49.719737
11062.500000	-57.660414
11075.000000	-58.126603
11087.500000	-58.213715
11100.000000	-58.712947
11112.500000	-59.755935
11125.000000	-60.974829
11137.500000	-61.680111
11150.000000	-62.342835
11162.500000	-62.308903
11175.000000	-61.601622
11187.500000	-60.444752
11200.000000	-59.995503
11212.500000	-60.108307
11225.000000	-60.268005
11237.500000	-60.443899
11250.000000	-59.836446
11262.500000	-58.750097
11275.000000	-58.132478
11287.500000	-58.063210
11300.000000	-58.338958
11312.500000	-58.880249
11325.000000	-59.077294
11337.500000	-58.483341
11350.000000	-57.872071
11362.500000	-57.097006
11375.000000	-56.566286
11387.500000	-57.370227
11400.000000	-59.564393
11412.500000	-60.984509
11425.000000	-59.718598
11437.500000	-58.019139
11450.000000	-57.186755
11462.500000	-57.179147
11475.000000	-57.556503
11487.500000	-58.291508
11500.000000	-59.167478
11512.500000	-59.803327
11525.000000	-60.315103
11537.500000	-59.462058
11550.000000	-57.886329
11562.500000	-57.224537
11575.000000	-58.202871
11587.500000	-60.458174
11600.000000	-61.348169
11612.500000	-60.569545
11625.000000	-60.179975
11637.500000	-59.559062
11650.000000	-58.534151
11662.500000	-58.212841
11675.000000	-58.563637
11687.500000	-58.776340
11700.000000	-58.660985
11712.500000	-58.398803
11725.000000	-58.544227
11737.500000	-59.750806
11750.000000	-60.674872
11762.500000	-59.382562
11775.000000	-58.282731
11787.500000	-57.617290
11800.000000	-57.692186
11812.500000	-58.470225
11825.000000	-58.161716
11837.500000	-56.989101
11850.000000	-56.527920
11862.500000	-57.477380
11875.000000	-59.225209
11887.500000	-59.920445
11900.000000	-60.349902
11912.500000	-60.830945
11925.000000	-58.851602
11937.500000	-56.313984
11950.000000	-54.521354
11962.500000	-53.272274
11975.000000	-51.798298
11987.500000	-49.930234
12000.000000	-48.985565
12012.500000	-49.551947
12025.000000	-51.131612
12037.500000	-52.970179
12050.000000	-54.501356
12062.500000	-55.659176
12075.000000	-56.779927
12087.500000	-58.323708
12100.000000	-58.930775
12112.500000	-58.168598
12125.000000	-57.706722
12137.500000	-57.372292
12150.000000	-57.646526
12162.500000	-57.960419
12175.000000	-57.848420
12187.500000	-57.617637
12200.000000	-57.631457
12212.500000	-57.829802
12225.000000	-58.058248
12237.500000	-58.393982
12250.000000	-58.282450
12262.500000	-58.268371
12275.000000	-59.199629
12287.500000	-60.633815
12300.000000	-61.464618
12312.500000	-60.801590
12325.000000	-60.556922
12337.500000	-60.406485
12350.000000	-59.462583
12362.500000	-58.598403
12375.000000	-58.943077
12387.500000	-59.898602
12400.000000	-59.563414
12412.500000	-58.999292
12425.000000	-58.779377
12437.500000	-58.305864
12450.000000	-58.035466
12462.500000	-57.904485
12475.000000	-57.380151
12487.500000	-57.231477
12500.000000	-58.284204
12512.500000	-60.231320
12525.000000	-62.197948
12537.500000	-61.613495
12550.000000	-59.731720
12562.500000	-59.552010
12575.000000	-60.420477
12587.500000	-61.358923
12600.000000	-61.597478
12612.500000	-61.214611
12625.000000	-60.681847
12637.500000	-59.426132
12650.000000	-57.885051
12662.500000	-57.188286
12675.000000	-57.533278
12687.500000	-58.801706
12700.000000	-60.802905
12712.500000	-61.939311
12725.000000	-61.274611
12737.500000	-60.229942
12750.000000	-59.076714
12762.500000	-58.507084
12775.000000	-58.765329
12787.500000	-59.163387
12800.000000	-59.766080
12812.500000	-60.148125
12825.000000	-59.291590
12837.500000	-58.661023
12850.000000	-58.692907
12862.500000	-59.052119
12875.000000	-59.579955
12887.500000	-59.360761
12900.000000	-58.257941
12912.500000	-58.038928
12925.000000	-58.931208
12937.500000	-59.202871
12950.000000	-53.187863
12962.500000	-39.525326
12975.000000	-29.088293
12987.500000	-22.976153
13000.000000	-20.862661
13012.500000	-22.608408
13025.000000	-28.279131
13037.500000	-38.047595
13050.000000	-51.043762
13062.500000	-57.845618
13075.000000	-58.833246
13087.500000	-60.141504
13100.000000	-60.469259
13112.500000	-60.332776
13125.000000	-58.770085
13137.500000	-56.524574
13150.000000	-55.502665
13162.500000	-55.919952
13175.000000	-57.388140
13187.500000	-57.831396
13200.000000	-57.206555
13212.500000	-57.470036
13225.000000	-57.286507
13237.500000	-56.833896
13250.000000	-58.334783
13262.500000	-60.350885
13275.000000	-59.800686
13287.500000	-59.022319
13300.000000	-58.058873
13312.500000	-57.445163
13325.000000	-58.020185
13337.500000	-58.469934
13350.000000	-58.397478
13362.500000	-59.067396
13375.000000	-59.569344
13387.500000	-59.089112
13400.000000	-58.710687
13412.500000	-59.727814
13425.000000	-61.063434
13437.500000	-59.942523
13450.000000	-59.011321
13462.500000	-59.446751
13475.000000	-60.226097
13487.500000	-59.146091
13500.000000	-58.050738
13512.500000	-58.364155
13525.000000	-58.907946
13537.500000	-58.086521
13550.000000	-56.989707
13562.500000	-56.624087
13575.000000	-57.399725
13587.500000	-59.371860
13600.000000	-61.590005
13612.500000	-62.439276
13625.000000	-60.722654
13637.500000	-59.369028
13650.000000	-59.594533
13662.500000	-60.357852
13675.000000	-59.958852
13687.500000	-59.687387
13700.000000	-60.194810
13712.500000	-60.681423
13725.000000	-60.326830
13737.500000	-59.783062
13750.000000	-59.237762
13762.500000	-58.263710
13775.000000	-58.327204
13787.500000	-58.662700
13800.000000	-57.747856
13812.500000	-57.324213
13825.000000	-58.565454
13837.500000	-59.687354
13850.000000	-59.203070
13862.500000	-58.878676
13875.000000	-59.199361
13887.500000	-59.330499
13900.000000	-58.653357
13912.500000	-57.597751
13925.000000	-56.261227
13937.500000	-55.243819
13950.000000	-54.372077
13962.500000	-52.956657
13975.000000	-50.984675
13987.500000	-49.197162
14000.000000	-48.429425
14012.500000	-48.943212
14025.000000	-50.418391
14037.500000	-52.381226
14050.000000	-54.513951
14062.500000	-56.060867
14075.000000	-56.871043
14087.500000	-57.659746
14100.000000	-58.757661
14112.500000	-60.936073
14125.000000	-62.324592
14137.500000	-60.417932
14150.000000	-58.852767
14162.500000	-58.798797
14175.000000	-60.107019
14187.500000	-61.282897
14200.000000	-60.272164
14212.500000	-59.854099
14225.000000	-60.112602
14237.500000	-60.136372
14250.000000	-59.725332
14262.500000	-57.523056
14275.000000	-55.913769
14287.500000	-56.008166
14300.000000	-57.223071
14312.500000	-58.586224
14325.000000	-59.515812
14337.500000	-59.972327
14350.000000	-60.362524
14362.500000	-60.644860
14375.000000	-60.408736
14387.500000	-59.510515
14400.000000	-58.425737
14412.500000	-58.386136
14425.000000	-58.572037
14437.500000	-57.981396
14450.000000	-57.815058
14462.500000	-58.571459
14475.000000	-59.195204
14487.500000	-58.550846
14500.000000	-57.925384
14512.500000	-57.580716
14525.000000	-57.254820
14537.500000	-57.443321
14550.000000	-57.026922
14562.500000	-55.822036
14575.000000	-55.362959
14587.500000	-56.097061
14600.000000	-57.725396
14612.500000	-59.910466
14625.000000	-60.907357
14637.500000	-59.766946
14650.000000	-59.049670
14662.500000	-58.872464
14675.000000	-58.105940
14687.500000	-57.944213
14700.000000	-59.019518
14712.500000	-59.905534
14725.000000	-60.147525
14737.500000	-60.207589
14750.000000	-60.509941
14762.500000	-60.450567
14775.000000	-59.528239
14787.500000	-58.716475
14800.000000	-58.819393
14812.500000	-59.861395
14825.000000	-60.942939
14837.500000	-61.266635
14850.000000	-61.646857
14862.500000	-61.956951
14875.000000	-60.103727
14887.500000	-58.218241
14900.000000	-57.709370
14912.500000	-58.530717
14925.000000	-59.960238
14937.500000	-59.342029
14950.000000	-53.264782
14962.500000	-40.458003
14975.000000	-30.179377
14987.500000	-24.120291
15000.000000	-22.029812
15012.500000	-23.786939
15025.000000	-29.473319
15037.500000	-39.307135
15050.000000	-52.337571
15062.500000	-58.775484
15075.000000	-58.970375
15087.500000	-59.043902
15100.000000	-58.946178
15112.500000	-58.729773
15125.000000	-59.238571
15137.500000	-59.651942
15150.000000	-59.655467
15162.500000	-59.272491
15175.000000	-59.211956
15187.500000	-60.360491
15200.000000	-61.196420
15212.500000	-60.142723
15225.000000	-58.946897
15237.500000	-58.663800
15250.000000	-59.117974
15262.500000	-59.914004
15275.000000	-60.127056
15287.500000	-60.171610
15300.000000	-60.092754
15312.500000	-59.442804
15325.000000	-59.827849
15337.500000	-60.729423
15350.000000	-59.200736
15362.500000	-57.694627
15375.000000	-57.949043
15387.500000	-59.237589
15400.000000	-59.319594
15412.500000	-58.780093
15425.000000	-59.101644
15437.500000	-59.011656
15450.000000	-58.242845
15462.500000	-57.949993
15475.000000	-58.701720
15487.500000	-58.925141
15500.000000	-57.417863
15512.500000	-56.622333
15525.000000	-57.062491
15537.500000	-56.992434
15550.000000	-56.015650
15562.500000	-55.663477
15575.000000	-55.770713
15587.500000	-55.903065
15600.000000	-56.562591
15612.500000	-58.189802
15625.000000	-60.351442
15637.500000	-61.624510
15650.000000	-62.080174
15662.500000	-61.846702
15675.000000	-61.023807
15687.500000	-60.655476
15700.000000	-60.317660
15712.500000	-59.437471
15725.000000	-58.951017
15737.500000	-59.362322
15750.000000	-60.106053
15762.500000	-60.501957
15775.000000	-60.551159
15787.500000	-60.559013
15800.000000	-59.575329
15812.500000	-58.567457
15825.000000	-58.886615
15837.500000	-59.793267
15850.000000	-60.358752
15862.500000	-60.193752
15875.000000	-59.213949
15887.500000	-58.786185
15900.000000	-59.101060
15912.500000	-59.055359
15925.000000	-58.330423
15937.500000	-57.013727
15950.000000	-55.014011
15962.500000	-52.880375
15975.000000	-50.879975
15987.500000	-49.322607
16000.000000	-48.950105
16012.500000	-50.225277
16025.000000	-52.651923
16037.500000	-54.414347
16050.000000	-54.869605
16062.500000	-55.833158
16075.000000	-57.764909
16087.500000	-59.176063
16100.000000	-58.725328
16112.500000	-58.400239
16125.000000	-59.229095
16137.500000	-60.266126
16150.000000	-59.960567
16162.500000	-59.226522
16175.000000	-58.804670
16187.500000	-59.183132
16200.000000	-60.003606
16212.500000	-59.424045
16225.000000	-59.460422
16237.500000	-61.680013
16250.000000	-62.438230
16262.500000	-60.144531
16275.000000	-59.138612
16287.500000	-58.617118
16300.000000	-57.036631
16312.500000	-56.155324
16325.000000	-56.912213
16337.500000	-58.237451
16350.000000	-58.325682
16362.500000	-58.341655
16375.000000	-58.839611
16387.500000	-59.268897
16400.000000	-60.128023
16412.500000	-60.783097
16425.000000	-59.894042
16437.500000	-59.233553
16450.000000	-59.931217
16462.500000	-60.606524
16475.000000	-60.700617
16487.500000	-61.426527
16500.000000	-61.616804
16512.500000	-60.717727
16525.000000	-60.502040
16537.500000	-59.972450
16550.000000	-58.890494
16562.500000	-58.837931
16575.000000	-59.833500
16587.500000	-60.277336
16600.000000	-60.278450
16612.500000	-61.790813
16625.000000	-61.763691
16637.500000	-58.837867
16650.000000	-57.368342
16662.500000	-57.566120
16675.000000	-58.869609
16687.500000	-60.077451
16700.000000	-59.639238
16712.500000	-58.223836
16725.000000	-57.177932
16737.500000	-57.132271
16750.000000	-58.267652
16762.500000	-60.376070
16775.000000	-61.103563
16787.500000	-60.026568
16800.000000	-59.334851
16812.500000	-58.543180
16825.000000	-57.527079
16837.500000	-57.394761
16850.000000	-58.620852
16862.500000	-60.525607
16875.000000	-61.231398
16887.500000	-60.044668
16900.000000	-58.890430
16912.500000	-58.571620
16925.000000	-59.511810
16937.500000	-59.595096
16950.000000	-53.925511
16962.500000	-41.486419
16975.000000	-31.262203
16987.500000	-25.186988
17000.000000	-23.065984
17012.500000	-24.775474
17025.000000	-30.373613
17037.500000	-40.030232
17050.000000	-52.895135
17062.500000	-58.668872
17075.000000	-58.429278
17087.500000	-57.894653
17100.000000	-57.598581
17112.500000	-58.055125
17125.000000	-58.999629
17137.500000	-60.007869
17150.000000	-60.316605
17162.500000	-58.727963
17175.000000	-57.336608
17187.500000	-56.842228
17200.000000	-57.327504
17212.500000	-59.201360
17225.000000	-60.039210
17237.500000	-58.504285
17250.000000	-57.745817
17262.500000	-57.568628
17275.000000	-57.777995
17287.500000	-59.461070
17300.000000	-60.830734
17312.500000	-59.966047
17325.000000	-59.915999
17337.500000	-60.497923
17350.000000	-60.689053
17362.500000	-60.477144
17375.000000	-59.579176
17387.500000	-58.996155
17400.000000	-59.742672
17412.500000	-60.576727
17425.000000	-59.050566
17437.500000	-57.388941
17450.000000	-56.893876
17462.500000	-57.354967
17475.000000	-58.341551
17487.500000	-59.749976
17500.000000	-61.446438
17512.500000	-61.784797
17525.000000	-61.730977
17537.500000	-62.250801
17550.000000	-62.520940
17562.500000	-62.359432
17575.000000	-61.067279
17587.500000	-58.967394
17600.000000	-58.201130
17612.500000	-58.639954
17625.000000	-57.900430
17637.500000	-56.587908
17650.000000	-56.729647
17662.500000	-58.674700
17675.000000	-60.866107
17687.500000	-60.524126
17700.000000	-59.390989
17712.500000	-58.656875
17725.000000	-58.955913
17737.500000	-59.126251
17750.000000	-58.840714
17762.500000	-59.730893
17775.000000	-59.889054
17787.500000	-58.210328
17800.000000	-57.421598
17812.500000	-57.916883
17825.000000	-59.033748
17837.500000	-60.190502
17850.000000	-60.609876
17862.500000	-60.783472
17875.000000	-60.490207
17887.500000	-59.376526
17900.000000	-58.475399
17912.500000	-58.576837
17925.000000	-59.725298
17937.500000	-58.687285
17950.000000	-56.173656
17962.500000	-53.830690
17975.000000	-51.505698
17987.500000	-49.570660
18000.000000	-48.731718
18012.500000	-49.399029
18025.000000	-51.455309
18037.500000	-54.498710
18050.000000	-57.306806
18062.500000	-57.685893
18075.000000	-57.065489
18087.500000	-57.448691
18100.000000	-58.731462
18112.500000	-59.664601
18125.000000	-59.328103
18137.500000	-58.841798
18150.000000	-58.865579
18162.500000	-58.514567
18175.000000	-57.865012
18187.500000	-57.628403
18200.000000	-58.443950
18212.500000	-60.396555
18225.000000	-60.361853
18237.500000	-58.163740
18250.000000	-57.423893
18262.500000	-58.210804
18275.000000	-59.695336
18287.500000	-60.821526
18300.000000	-60.248136
18312.500000	-59.116205
18325.000000	-58.617043
18337.500000	-58.618666
18350.000000	-58.684559
18362.500000	-58.706381
18375.000000	-58.562154
18387.500000	-58.631422
18400.000000	-59.175262
18412.500000	-59.354977
18425.000000	-58.646139
18437.500000	-58.591518
18450.000000	-59.395372
18462.500000	-60.145935
18475.000000	-60.084423
18487.500000	-59.394951
18500.000000	-59.935379
18512.500000	-61.230239
18525.000000	-60.931186
18537.500000	-60.569031
18550.000000	-60.249924
18562.500000	-59.313813
18575.000000	-58.442235
18587.500000	-57.857266
18600.000000	-57.585043
18612.500000	-56.900279
18625.000000	-55.974469
18637.500000	-56.432508
18650.000000	-58.333074
18662.500000	-59.424520
18675.000000	-59.433375
18687.500000	-59.019737
18700.000000	-59.002513
18712.500000	-59.658630
18725.000000	-60.087850
18737.500000	-60.106423
18750.000000	-59.717124
18762.500000	-59.172432
18775.000000	-58.979378
18787.500000	-58.808540
18800.000000	-58.561444
18812.500000	-59.282477
18825.000000	-61.334521
18837.500000	-62.954364
18850.000000	-62.367898
18862.500000	-60.518353
18875.000000	-59.044958
18887.500000	-58.508787
18900.000000	-57.555988
18912.500000	-56.454936
18925.000000	-57.209774
18937.500000	-58.546161
18950.000000	-53.918003
18962.500000	-42.141423
18975.000000	-32.074033
18987.500000	-26.032390
19000.000000	-23.913325
19012.500000	-25.604130
19025.000000	-31.130304
19037.500000	-40.422714
19050.000000	-51.525964
19062.500000	-57.300096
19075.000000	-57.075898
19087.500000	-56.974684
19100.000000	-58.705775
19112.500000	-60.756605
19125.000000	-60.720659
19137.500000	-60.404218
19150.000000	-60.702569
19162.500000	-60.586150
19175.000000	-60.060752
19187.500000	-59.267721
19200.000000	-58.630421
19212.500000	-58.378475
19225.000000	-57.919040
19237.500000	-57.772170
19250.000000	-58.657967
19262.500000	-59.589326
19275.000000	-59.326648
19287.500000	-58.544589
19300.000000	-58.788365
19312.500000	-59.940233
19325.000000	-61.066231
19337.500000	-60.889822
19350.000000	-58.541169
19362.500000	-56.637888
19375.000000	-56.213141
19387.500000	-56.874831
19400.000000	-58.141093
19412.500000	-58.709966
19425.000000	-58.273480
19437.500000	-58.202966
19450.000000	-58.495136
19462.500000	-58.750916
19475.000000	-59.049486
19487.500000	-59.318182
19500.000000	-59.089765
19512.500000	-59.243739
19525.000000	-59.788939
19537.500000	-60.602147
19550.000000	-61.133463
19562.500000	-61.784048
19575.000000	-62.182080
19587.500000	-61.188758
19600.000000	-59.679247
19612.500000	-58.560563
19625.000000	-58.319136
19637.500000	-58.766294
19650.000000	-58.892227
19662.500000	-58.663820
19675.000000	-59.139898
19687.500000	-59.142718
19700.000000	-58.192172
19712.500000	-58.428190
19725.000000	-59.470370
19737.500000	-59.871194
19750.000000	-60.146563
19762.500000	-59.804386
19775.000000	-58.726664
19787.500000	-57.833971
19800.000000	-57.515684
19812.500000	-58.045938
19825.000000	-59.140839
19837.500000	-59.940155
19850.000000	-60.754527
19862.500000	-60.896929
19875.000000	-60.549193
19887.500000	-60.182107
19900.000000	-59.084092
19912.500000	-57.973649
19925.000000	-57.098144
19937.500000	-56.499264
19950.000000	-56.085164
19962.500000	-54.679402
19975.000000	-52.193268
19987.500000	-50.001393
20000.000000	-49.131936
20012.500000	-49.678533
20025.000000	-50.921226
20037.500000	-52.376033
20050.000000	-54.366633
20062.500000	-56.048864
20075.000000	-55.630642
20087.500000	-55.223232
20100.000000	-56.528825
20112.500000	-59.114501
20125.000000	-60.190771
20137.500000	-59.443691
20150.000000	-58.395687
20162.500000	-57.535843
20175.000000	-57.556719
20187.500000	-58.508403
20200.000000	-60.130457
20212.500000	-61.093358
20225.000000	-60.109174
20237.500000	-59.303600
20250.000000	-59.411070
20262.500000	-60.051073
20275.000000	-60.988759
20287.500000	-60.361021
20300.000000	-58.984028
20312.500000	-58.396877
20325.000000	-58.521878
20337.500000	-58.460812
20350.000000	-57.780976
20362.500000	-57.581892
20375.000000	-58.718488
20387.500000	-59.958852
20400.000000	-60.408321
20412.500000	-60.343136
20425.000000	-59.011426
20437.500000	-57.936205
20450.000000	-57.591571
20462.500000	-57.415260
20475.000000	-57.996185
20487.500000	-59.332691
20500.000000	-59.128194
20512.500000	-59.037054
20525.000000	-60.166963
20537.500000	-61.364163
20550.000000	-61.758994
20562.500000	-61.003690
20575.000000	-59.911721
20587.500000	-59.357737
20600.000000	-59.424372
20612.500000	-59.547706
20625.000000	-59.631037
20637.500000	-60.507610
20650.000000	-61.072427
20662.500000	-60.456040
20675.000000	-60.432285
20687.500000	-59.884377
20700.000000	-59.346678
20712.500000	-59.591412
20725.000000	-59.400013
20737.500000	-58.521484
20750.000000	-57.417255
20762.500000	-57.110794
20775.000000	-58.037382
20787.500000	-58.734765
20800.000000	-58.682687
20812.500000	-59.975682
20825.000000	-61.209214
20837.500000	-59.946273
20850.000000	-58.901353
20862.500000	-58.798823
20875.000000	-59.106350
20887.500000	-59.339428
20900.000000	-59.185510
20912.500000	-58.868497
20925.000000	-58.324819
20937.500000	-57.357590
20950.000000	-53.573066
20962.500000	-42.767075
20975.000000	-32.769805
20987.500000	-26.716921
21000.000000	-24.575680
21012.500000	-26.232277
21025.000000	-31.728857
21037.500000	-41.152096
21050.000000	-52.479075
21062.500000	-55.958950
21075.000000	-56.855822
21087.500000	-58.163151
21100.000000	-59.147894
21112.500000	-59.313812
21125.000000	-58.013041
21137.500000	-56.351608
21150.000000	-55.759335
21162.500000	-56.191692
21175.000000	-56.701483
21187.500000	-57.152107
21200.000000	-58.333224
21212.500000	-59.920398
21225.000000	-61.043269
21237.500000	-61.166735
21250.000000	-60.714440
21262.500000	-60.241678
21275.000000	-59.486999
21287.500000	-59.142056
21300.000000	-59.159107
21312.500000	-58.430846
21325.000000	-57.768817
21337.500000	-57.516346
21350.000000	-57.069227
21362.500000	-57.217611
21375.000000	-58.481238
21387.500000	-60.044814
21400.000000	-61.246155
21412.500000	-61.680314
21425.000000	-60.679511
21437.500000	-59.030422
21450.000000	-57.667738
21462.500000	-57.059224
21475.000000	-57.188051
21487.500000	-57.572255
21500.000000	-57.805950
21512.500000	-58.624972
21525.000000	-60.203690
21537.500000	-60.375981
21550.000000	-59.498418
21562.500000	-59.382877
21575.000000	-59.364468
21587.500000	-59.006343
21600.000000	-58.858862
21612.500000	-59.285743
21625.000000	-60.288261
21637.500000	-60.473066
21650.000000	-59.641113
21662.500000	-59.176987
21675.000000	-60.095607
21687.500000	-60.334217
21700.000000	-59.050453
21712.500000	-58.749477
21725.000000	-59.377452
21737.500000	-59.369604
21750.000000	-58.211191
21762.500000	-57.598747
21775.000000	-58.059684
21787.500000	-58.655163
21800.000000	-59.071615
21812.500000	-59.717469
21825.000000	-59.121782
21837.500000	-57.364817
21850.000000	-56.670753
21862.500000	-57.779239
21875.000000	-59.727652
21887.500000	-60.397565
21900.000000	-59.589822
21912.500000	-57.753739
21925.000000	-56.262976
21937.500000	-55.751814
21950.000000	-55.228621
21962.500000	-53.620171
21975.000000	-51.596018
21987.500000	-49.776181
22000.000000	-48.743496
22012.500000	-49.164233
22025.000000	-51.126953
22037.500000	-53.760246
22050.000000	-55.532571
22062.500000	-56.426079
22075.000000	-57.278552
22087.500000	-58.452577
22100.000000	-59.253522
22112.500000	-58.498814
22125.000000	-57.301464
22137.500000	-57.229438
22150.000000	-58.547557
22162.500000	-59.013730
22175.000000	-58.070624
22187.500000	-57.876843
22200.000000	-58.420802
22212.500000	-58.963521
22225.000000	-59.327898
22237.500000	-59.489728
22250.000000	-59.552401
22262.500000	-59.479349
22275.000000	-59.138974
22287.500000	-59.051997
22300.000000	-59.670459
22312.500000	-60.468557
22325.000000	-60.548179
22337.500000	-58.932895
22350.000000	-57.756297
22362.500000	-58.446565
22375.000000	-60.025216
22387.500000	-61.372091
22400.000000	-62.078651
22412.500000	-61.109915
22425.000000	-60.289784
22437.500000	-59.629986
22450.000000	-58.778514
22462.500000	-58.734745
22475.000000	-59.098576
22487.500000	-58.831804
22500.000000	-58.639368
22512.500000	-58.617993
22525.000000	-58.441169
22537.500000	-58.434077
22550.000000	-58.714007
22562.500000	-58.618930
22575.000000	-58.247399
22587.500000	-58.315252
22600.000000	-58.621236
22612.500000	-58.973856
22625.000000	-59.511080
22637.500000	-59.469515
22650.000000	-59.450858
22662.500000	-60.072229
22675.000000	-59.880902
22687.500000	-58.910842
22700.000000	-58.487375
22712.500000	-58.783101
22725.000000	-59.832849
22737.500000	-61.770619
22750.000000	-61.752138
22762.500000	-60.064242
22775.000000	-59.953513
22787.500000	-60.872673
22800.000000	-60.241544
22812.500000	-59.022353
22825.000000	-58.787275
22837.500000	-58.224035
22850.000000	-57.075389
22862.500000	-57.149095
22875.000000	-58.810982
22887.500000	-60.104752
22900.000000	-59.404586
22912.500000	-58.647037
22925.000000	-58.344730
22937.500000	-58.980469
22950.000000	-56.003447
22962.500000	-43.523960
22975.000000	-33.408338
22987.500000	-27.392458
23000.000000	-25.299171
23012.500000	-27.026414
23025.000000	-32.649010
23037.500000	-42.302998
23050.000000	-54.271389
23062.500000	-58.248325
23075.000000	-58.193142
23087.500000	-58.502824
23100.000000	-58.707421
23112.500000	-58.417747
23125.000000	-58.029835
23137.500000	-58.486033
23150.000000	-60.063791
23162.500000	-61.396196
23175.000000	-62.099014
23187.500000	-62.322386
23200.000000	-62.198478
23212.500000	-61.489423
23225.000000	-59.544777
23237.500000	-58.309164
23250.000000	-58.684696
23262.500000	-60.028002
23275.000000	-60.889327
23287.500000	-61.123794
23300.000000	-61.708952
23312.500000	-61.912747
23325.000000	-61.437023
23337.500000	-60.643665
23350.000000	-59.496126
23362.500000	-58.933062
23375.000000	-59.065692
23387.500000	-59.429225
23400.000000	-59.572880
23412.500000	-59.179849
23425.000000	-58.814699
23437.500000	-58.810486
23450.000000	-59.539279
23462.500000	-60.395131
23475.000000	-59.171588
23487.500000	-57.774190
23500.000000	-58.211588
23512.500000	-60.162095
23525.000000	-60.684784
23537.500000	-59.272798
23550.000000	-58.491923
23562.500000	-58.477900
23575.000000	-59.263186
23587.500000	-60.006017
23600.000000	-59.289014
23612.500000	-58.752053
23625.000000	-59.636958
23637.500000	-59.907549
23650.000000	-58.674544
23662.500000	-58.338323
23675.000000	-58.437223
23687.500000	-58.502523
23700.000000	-59.166536
23712.500000	-59.612727
23725.000000	-59.405055
23737.500000	-60.154619
23750.000000	-60.967540
23762.500000	-59.389195
23775.000000	-58.112583
23787.500000	-58.444920
23800.000000	-59.688839
23812.500000	-59.974609
23825.000000	-59.620966
23837.500000	-60.330514
23850.000000	-60.276825
23862.500000	-59.373306
23875.000000	-59.755853
23887.500000	-60.175669
23900.000000	-59.195855
23912.500000	-57.560871
23925.000000	-55.719749
23937.500000	-54.347643
23950.000000	-53.728613
23962.500000	-53.005080
23975.000000	-51.416033
23987.500000	-49.398445
24000.000000	-48.210394
24012.500000	-48.530537
24025.000000	-50.087794
24037.500000	-52.284810
24050.000000	-54.169562
24062.500000	-55.058633
24075.000000	-56.362194
24087.500000	-58.355068
24100.000000	-59.315008
24112.500000	-58.766842
24125.000000	-58.367186
24137.500000	-59.065103
24150.000000	-59.860684
24162.500000	-60.380306
24175.000000	-60.533303
24187.500000	-59.162034
24200.000000	-58.410681
24212.500000	-59.222139
24225.000000	-60.012014
24237.500000	-60.293445
24250.000000	-61.012134
24262.500000	-60.966699
24275.000000	-60.018543
24287.500000	-59.275824
24300.000000	-59.338353
24312.500000	-59.638129
24325.000000	-59.802059
24337.500000	-60.488293
24350.000000	-59.866871
24362.500000	-58.712488
24375.000000	-58.673607
24387.500000	-58.815154
24400.000000	-58.981151
24412.500000	-59.893356
24425.000000	-60.994240
24437.500000	-60.969145
24450.000000	-59.929591
24462.500000	-58.886945
24475.000000	-58.269779
24487.500000	-57.817957
24500.000000	-57.713099
24512.500000	-57.999103
24525.000000	-58.250168
24537.500000	-58.651644
24550.000000	-59.822837
24562.500000	-61.173876
24575.000000	-60.581962
24587.500000	-58.963740
24600.000000	-58.227210
24612.500000	-58.548050
24625.000000	-59.150668
24637.500000	-59.102962
24650.000000	-58.202744
24662.500000	-57.471592
24675.000000	-57.185862
24687.500000	-56.757272
24700.000000	-56.866872
24712.500000	-58.017099
24725.000000	-58.640806
24737.500000	-58.684848
24750.000000	-59.490827
24762.500000	-59.723897
24775.000000	-58.140014
24787.500000	-57.102708
24800.000000	-57.723808
24812.500000	-58.970680
24825.000000	-59.260317
24837.500000	-59.458386
24850.000000	-59.979401
24862.500000	-59.808160
24875.000000	-59.262612
24887.500000	-59.642483
24900.000000	-60.467668
24912.500000	-59.655107
24925.000000	-58.545875
24937.500000	-58.374797
24950.000000	-55.506837
24962.500000	-44.267151
24975.000000	-34.114332
24987.500000	-28.034098
25000.000000	-25.882777
25012.500000	-27.511795
25025.000000	-32.888754
25037.500000	-41.823213
25050.000000	-52.520293
25062.500000	-58.355182
25075.000000	-59.094949
25087.500000	-59.116653
25100.000000	-58.915520
25112.500000	-59.165839
25125.000000	-60.180220
25137.500000	-60.348449
25150.000000	-59.598311
25162.500000	-59.387951
25175.000000	-59.281639
25187.500000	-59.209695
25200.000000	-59.801042
25212.500000	-59.883410
25225.000000	-58.840520
25237.500000	-58.178025
25250.000000	-57.822597
25262.500000	-57.860263
25275.000000	-58.912261
25287.500000	-60.583540
25300.000000	-61.139083
25312.500000	-60.539252
25325.000000	-59.504166
25337.500000	-58.974738
25350.000000	-59.071760
25362.500000	-58.262954
25375.000000	-57.132638
25387.500000	-56.815396
25400.000000	-56.696988
25412.500000	-56.792010
25425.000000	-57.921844
25437.500000	-59.240778
25450.000000	-59.058258
25462.500000	-58.683982
25475.000000	-59.153263
25487.500000	-59.060382
25500.000000	-58.069437
25512.500000	-57.933354
25525.000000	-58.915002
25537.500000	-58.846121
25550.000000	-57.285426
25562.500000	-56.959478
25575.000000	-58.175657
25587.500000	-59.366266
25600.000000	-59.525061
25612.500000	-58.785511
25625.000000	-57.726290
25637.500000	-57.523142
25650.000000	-58.567052
25662.500000	-59.679227
25675.000000	-60.435525
25687.500000	-60.275736
25700.000000	-58.592437
25712.500000	-57.927058
25725.000000	-58.558307
25737.500000	-58.917155
25750.000000	-58.369423
25762.500000	-58.193470
25775.000000	-58.334645
25787.500000	-58.766807
25800.000000	-59.181492
25812.500000	-58.594948
25825.000000	-57.926046
25837.500000	-57.849105
25850.000000	-58.134306
25862.500000	-58.544062
25875.000000	-58.977978
25887.500000	-58.683483
25900.000000	-57.915930
25912.500000	-57.521956
25925.000000	-56.893748
25937.500000	-55.870104
25950.000000	-54.497162
25962.500000	-52.504685
25975.000000	-50.365077
25987.500000	-48.622398
26000.000000	-48.032640
26012.500000	-48.883552
26025.000000	-50.856607
26037.500000	-53.360365
26050.000000	-56.098706
26062.500000	-58.557142
26075.000000	-59.366356
26087.500000	-59.228900
26100.000000	-58.527994
26112.500000	-57.248965
26125.000000	-56.760908
26137.500000	-57.999135
26150.000000	-59.862776
26162.500000	-60.044709
26175.000000	-59.022022
26187.500000	-57.937691
26200.000000	-57.810127
26212.500000	-58.600458
26225.000000	-58.949659
26237.500000	-57.847229
26250.000000	-56.434554
26262.500000	-56.667101
26275.000000	-58.988591
26287.500000	-60.563309
26300.000000	-60.324028
26312.500000	-61.129647
26325.000000	-61.541253
26337.500000	-60.733848
26350.000000	-60.079378
26362.500000	-59.152400
26375.000000	-58.440172
26387.500000	-58.211732
26400.000000	-58.043796
26412.500000	-58.212202
26425.000000	-57.827794
26437.500000	-57.276710
26450.000000	-57.132461
26462.500000	-56.800185
26475.000000	-56.702827
26487.500000	-57.658931
26500.000000	-59.049421
26512.500000	-59.771689
26525.000000	-60.439509
26537.500000	-60.490804
26550.000000	-59.533873
26562.500000	-58.450246
26575.000000	-57.070761
26587.500000	-56.032958
26600.000000	-56.063474
26612.500000	-56.288181
26625.000000	-56.103995
26637.500000	-56.773299
26650.000000	-58.589468
26662.500000	-58.723079
26675.000000	-57.592023
26687.500000	-57.534240
26700.000000	-58.459901
26712.500000	-59.792877
26725.000000	-60.988743
26737.500000	-61.127174
26750.000000	-60.460823
26762.500000	-59.989631
26775.000000	-59.536326
26787.500000	-59.206904
26800.000000	-58.803581
26812.500000	-58.673786
26825.000000	-58.906722
26837.500000	-58.904882
26850.000000	-58.430679
26862.500000	-58.110052
26875.000000	-57.918476
26887.500000	-57.553821
26900.000000	-57.242067
26912.500000	-57.834850
26925.000000	-59.941632
26937.500000	-60.700395
26950.000000	-55.780820
26962.500000	-44.401454
26975.000000	-34.395464
26987.500000	-28.401970
27000.000000	-26.324013
27012.500000	-28.048104
27025.000000	-33.629349
27037.500000	-43.078793
27050.000000	-53.849170
27062.500000	-59.179871
27075.000000	-61.169033
27087.500000	-60.050474
27100.000000	-58.273662
27112.500000	-57.606267
27125.000000	-58.415780
27137.500000	-60.258620
27150.000000	-61.831708
27162.500000	-60.944078
27175.000000	-58.688628
27187.500000	-57.273247
27200.000000	-57.183289
27212.500000	-57.991169
27225.000000	-58.622027
27237.500000	-58.754058
27250.000000	-58.863765
27262.500000	-60.048169
27275.000000	-60.956622
27287.500000	-59.470482
27300.000000	-58.594350
27312.500000	-59.534125
27325.000000	-60.522531
27337.500000	-59.885950
27350.000000	-59.989387
27362.500000	-59.047497
27375.000000	-57.462684
27387.500000	-57.428979
27400.000000	-58.493242
27412.500000	-59.538295
27425.000000	-59.266286
27437.500000	-58.541314
27450.000000	-58.536641
27462.500000	-58.701126
27475.000000	-58.422093
27487.500000	-58.677856
27500.000000	-59.939131
27512.500000	-60.370541
27525.000000	-58.662172
27537.500000	-58.008585
27550.000000	-59.109680
27562.500000	-59.883452
27575.000000	-58.428478
27587.500000	-56.656781
27600.000000	-56.070588
27612.500000	-56.738614
27625.000000	-58.109239
27637.500000	-59.779878
27650.000000	-61.308689
27662.500000	-61.525897
27675.000000	-60.039869
27687.500000	-58.176247
27700.000000	-57.239809
27712.500000	-58.208903
27725.000000	-60.431990
27737.500000	-61.411614
27750.000000	-61.085131
27762.500000	-59.896861
27775.000000	-58.952733
27787.500000	-59.121452
27800.000000	-59.655621
27812.500000	-60.296456
27825.000000	-60.669477
27837.500000	-60.047883
27850.000000	-58.877644
27862.500000	-58.237711
27875.000000	-58.585253
27887.500000	-59.998338
27900.000000	-60.113464
27912.500000	-57.411497
27925.000000	-55.943780
27937.500000	-55.667379
27950.000000	-55.229931
27962.500000	-53.388027
27975.000000	-50.827895
27987.500000	-48.850898
28000.000000	-48.164345
28012.500000	-48.963545
28025.000000	-50.918012
28037.500000	-53.285657
28050.000000	-55.254545
28062.500000	-56.751275
28075.000000	-57.839309
28087.500000	-57.339269
28100.000000	-56.867924
28112.500000	-57.862524
28125.000000	-58.819877
28137.500000	-58.491320
28150.000000	-59.197803
28162.500000	-60.981429
28175.000000	-61.438151
28187.500000	-60.808339
28200.000000	-60.137108
28212.500000	-59.478286
28225.000000	-58.971775
28237.500000	-58.558209
28250.000000	-58.224211
28262.500000	-58.317402
28275.000000	-58.402757
28287.500000	-57.835880
28300.000000	-57.494364
28312.500000	-57.781231
28325.000000	-58.300446
28337.500000	-58.709226
28350.000000	-59.395201
28362.500000	-60.202879
28375.000000	-60.228480
28387.500000	-60.279519
28400.000000	-60.161031
28412.500000	-59.164461
28425.000000	-58.785028
28437.500000	-59.219484
28450.000000	-59.600180
28462.500000	-59.436916
28475.000000	-59.280130
28487.500000	-59.662648
28500.000000	-60.620349
28512.500000	-60.347116
28525.000000	-59.101718
28537.500000	-59.052714
28550.000000	-58.978049
28562.500000	-58.257991
28575.000000	-57.404770
28587.500000	-56.422137
28600.000000	-55.721581
28612.500000	-55.990457
28625.000000	-57.284706
28637.500000	-58.413515
28650.000000	-58.735935
28662.500000	-59.168199
28675.000000	-59.583160
28687.500000	-59.305535
28700.000000	-58.485565
28712.500000	-58.513200
28725.000000	-59.459759
28737.500000	-58.736137
28750.000000	-57.014566
28762.500000	-56.504712
28775.000000	-57.487431
28787.500000	-59.020044
28800.000000	-59.947069
28812.500000	-59.170001
28825.000000	-57.633441
28837.500000	-57.434572
28850.000000	-58.937802
28862.500000	-60.790810
28875.000000	-60.006263
28887.500000	-58.789422
28900.000000	-58.762570
28912.500000	-57.218311
28925.000000	-55.086538
28937.500000	-55.130904
28950.000000	-54.661252
28962.500000	-44.251951
28975.000000	-34.602472
28987.500000	-28.757059
29000.000000	-26.724672
29012.500000	-28.448308
29025.000000	-33.995124
29037.500000	-43.407997
29050.000000	-54.587659
29062.500000	-59.480903
29075.000000	-58.995266
29087.500000	-57.953369
29100.000000	-57.748066
29112.500000	-58.200182
29125.000000	-58.598148
29137.500000	-58.392396
29150.000000	-58.405819
29162.500000	-59.110031
29175.000000	-60.102722
29187.500000	-59.763145
29200.000000	-58.371425
29212.500000	-57.683041
29225.000000	-57.724087
29237.500000	-57.995228
29250.000000	-58.300885
29262.500000	-58.694047
29275.000000	-59.403884
29287.500000	-60.725579
29300.000000	-60.828876
29312.500000	-59.580340
29325.000000	-58.993459
29337.500000	-58.575418
29350.000000	-58.507628
29362.500000	-58.975900
29375.000000	-58.838847
29387.500000	-59.039303
29400.000000	-59.209871
29412.500000	-57.897747
29425.000000	-56.952364
29437.500000	-57.331645
29450.000000	-58.052361
29462.500000	-58.052716
29475.000000	-58.119994
29487.500000	-58.023248
29500.000000	-58.068933
29512.500000	-58.340938
29525.000000	-58.455388
29537.500000	-58.159048
29550.000000	-57.478558
29562.500000	-57.276633
29575.000000	-57.684500
29587.500000	-58.364083
29600.000000	-59.092029
29612.500000	-59.651934
29625.000000	-59.257109
29637.500000	-58.656155
29650.000000	-58.860737
29662.500000	-59.562214
29675.000000	-59.654487
29687.500000	-59.373211
29700.000000	-59.430335
29712.500000	-58.694020
29725.000000	-57.321240
29737.500000	-57.018352
29750.000000	-57.897280
29762.500000	-59.020059
29775.000000	-60.022565
29787.500000	-59.654317
29800.000000	-58.233651
29812.500000	-57.098193
29825.000000	-56.794208
29837.500000	-57.704667
29850.000000	-59.375686
29862.500000	-60.591484
29875.000000	-60.487101
29887.500000	-59.441934
29900.000000	-59.584420
29912.500000	-60.547474
29925.000000	-58.405227
29937.500000	-55.461196
29950.000000	-53.454791
29962.500000	-51.697667
29975.000000	-50.108572
29987.500000	-49.020918
30000.000000	-48.724046
30012.500000	-49.505897
30025.000000	-51.286576
30037.500000	-53.172180
30050.000000	-54.167850
30062.500000	-54.743384
30075.000000	-55.369100
30087.500000	-56.327643
30100.000000	-57.419575
30112.500000	-57.864664
30125.000000	-57.856487
30137.500000	-57.746361
30150.000000	-57.781150
30162.500000	-58.763000
30175.000000	-59.803035
30187.500000	-59.219873
30200.000000	-58.414020
30212.500000	-58.217394
30225.000000	-58.499095
30237.500000	-59.459071
30250.000000	-60.200167
30262.500000	-59.900612
30275.000000	-60.381219
30287.500000	-61.267934
30300.000000	-61.575758
30312.500000	-61.217764
30325.000000	-60.231699
30337.500000	-59.014577
30350.000000	-58.130236
30362.500000	-57.787498
30375.000000	-57.628507
30387.500000	-57.737003
30400.000000	-57.735415
30412.500000	-57.550238
30425.000000	-57.865194
30437.500000	-58.712732
30450.000000	-59.296402
30462.500000	-59.010649
30475.000000	-58.675245
30487.500000	-58.352863
30500.000000	-58.884574
30512.500000	-60.214920
30525.000000	-59.698078
30537.500000	-58.001566
30550.000000	-56.856626
30562.500000	-56.524542
30575.000000	-56.638392
30587.500000	-57.188119
30600.000000	-57.999987
30612.500000	-58.296038
30625.000000	-57.682622
30637.500000	-57.490059
30650.000000	-58.407680
30662.500000	-58.807334
30675.000000	-58.280335
30687.500000	-58.538252
30700.000000	-59.802409
30712.500000	-60.903790
30725.000000	-60.649648
30737.500000	-60.034705
30750.000000	-60.424657
30762.500000	-60.870485
30775.000000	-60.629763
30787.500000	-60.746281
30800.000000	-60.665326
30812.500000	-59.685168
30825.000000	-59.457094
30837.500000	-60.209382
30850.000000	-59.775922
30862.500000	-58.440290
30875.000000	-58.268151
30887.500000	-58.723962
30900.000000	-58.527442
30912.500000	-58.140161
30925.000000	-58.459686
30937.500000	-59.255424
30950.000000	-55.234205
30962.500000	-44.470642
30975.000000	-34.875660
30987.500000	-29.028333
31000.000000	-27.002399
31012.500000	-28.731981
31025.000000	-34.266424
31037.500000	-43.537921
31050.000000	-53.665509
31062.500000	-57.344208
31075.000000	-58.637438
31087.500000	-59.110289
31100.000000	-58.889404
31112.500000	-58.399142
31125.000000	-58.232176
31137.500000	-58.059329
31150.000000	-57.848783
31162.500000	-58.385309
31175.000000	-58.855819
31187.500000	-59.072835
31200.000000	-60.020366
31212.500000	-61.000847
31225.000000	-60.933914
31237.500000	-60.674948
31250.000000	-60.433310
31262.500000	-59.423906
31275.000000	-58.018027
31287.500000	-57.943557
31300.000000	-59.703235
31312.500000	-61.621531
31325.000000	-61.037026
31337.500000	-59.443740
31350.000000	-58.334132
31362.500000	-58.199216
31375.000000	-59.205299
31387.500000	-60.262934
31400.000000	-59.865908
31412.500000	-59.214164
31425.000000	-59.113744
31437.500000	-59.181278
31450.000000	-58.996484
31462.500000	-58.474480
31475.000000	-58.133691
31487.500000	-58.901483
31500.000000	-60.645894
31512.500000	-60.570387
31525.000000	-59.262981
31537.500000	-58.799583
31550.000000	-59.088742
31562.500000	-59.459767
31575.000000	-58.830580
31587.500000	-57.884322
31600.000000	-57.559382
31612.500000	-57.995079
31625.000000	-58.696702
31637.500000	-59.423873
31650.000000	-59.743122
31662.500000	-59.678703
31675.000000	-59.414022
31687.500000	-58.647260
31700.000000	-58.630689
31712.500000	-59.601956
31725.000000	-60.975042
31737.500000	-60.591704
31750.000000	-58.963684
31762.500000	-58.757483
31775.000000	-59.634454
31787.500000	-59.790465
31800.000000	-58.964328
31812.500000	-57.996993
31825.000000	-57.548670
31837.500000	-58.094841
31850.000000	-59.055180
31862.500000	-60.140424
31875.000000	-60.171300
31887.500000	-59.502495
31900.000000	-59.499027
31912.500000	-59.200865
31925.000000	-57.630845
31937.500000	-55.999231
31950.000000	-54.439876
31962.500000	-52.332886
31975.000000	-50.343704
31987.500000	-49.165400
32000.000000	-49.137625
32012.500000	-50.417600
32025.000000	-52.647914
32037.500000	-54.543342
32050.000000	-55.252490
32062.500000	-55.717614
32075.000000	-56.406900
32087.500000	-56.868606
32100.000000	-57.252335
32112.500000	-57.615505
32125.000000	-57.803961
32137.500000	-58.214356
32150.000000	-58.885192
32162.500000	-59.383906
32175.000000	-59.274552
32187.500000	-59.247566
32200.000000	-60.004342
32212.500000	-60.484451
32225.000000	-59.162843
32237.500000	-57.414696
32250.000000	-56.675214
32262.500000	-57.169498
32275.000000	-58.252442
32287.500000	-58.982922
32300.000000	-59.397878
32312.500000	-59.275911
32325.000000	-59.443793
32337.500000	-59.906442
32350.000000	-59.760976
32362.500000	-59.505774
32375.000000	-59.547226
32387.500000	-59.261385
32400.000000	-58.450051
32412.500000	-57.847221
32425.000000	-57.680095
32437.500000	-57.655616
32450.000000	-58.190947
32462.500000	-58.986548
32475.000000	-58.304815
32487.500000	-57.409075
32500.000000	-57.603681
32512.500000	-58.561736
32525.000000	-59.664032
32537.500000	-60.675406
32550.000000	-61.844052
32562.500000	-63.066278
32575.000000	-62.160961
32587.500000	-60.369588
32600.000000	-59.625405
32612.500000	-59.343219
32625.000000	-59.290899
32637.500000	-59.551386
32650.000000	-59.364507
32662.500000	-59.237182
32675.000000	-59.597243
32687.500000	-59.253377
32700.000000	-59.068245
32712.500000	-60.155074
32725.000000	-61.241463
32737.500000	-60.109162
32750.000000	-58.942981
32762.500000	-59.248630
32775.000000	-59.346433
32787.500000	-58.583951
32800.000000	-58.079338
32812.500000	-57.532750
32825.000000	-57.372142
32837.500000	-58.205826
32850.000000	-59.328978
32862.500000	-58.989639
32875.000000	-57.355859
32887.500000	-56.305414
32900.000000	-56.272322
32912.500000	-56.749905
32925.000000	-57.737205
32937.500000	-58.142863
32950.000000	-53.667013
32962.500000	-44.065846
32975.000000	-34.972963
32987.500000	-29.264799
33000.000000	-27.297243
33012.500000	-29.057934
33025.000000	-34.569971
33037.500000	-43.562316
33050.000000	-53.056952
33062.500000	-57.861929
33075.000000	-59.763528
33087.500000	-60.220248
33100.000000	-60.092034
33112.500000	-59.224392
33125.000000	-58.252567
33137.500000	-58.406329
33150.000000	-59.415122
33162.500000	-60.399714
33175.000000	-60.581467
33187.500000	-58.989528
33200.000000	-57.562417
33212.500000	-57.536210
33225.000000	-57.963682
33237.500000	-58.530961
33250.000000	-60.160012
33262.500000	-61.213994
33275.000000	-60.090215
33287.500000	-58.478019
33300.000000	-57.583886
33312.500000	-57.618345
33325.000000	-58.216012
33337.500000	-59.118600
33350.000000	-60.529301
33362.500000	-61.907014
33375.000000	-61.210297
33387.500000	-59.021520
33400.000000	-57.263921
33412.500000	-56.386404
33425.000000	-56.474469
33437.500000	-57.296285
33450.000000	-58.391766
33462.500000	-58.503892
33475.000000	-57.988739
33487.500000	-57.652859
33500.000000	-57.767860
33512.500000	-58.677472
33525.000000	-59.677698
33537.500000	-60.032594
33550.000000	-60.067274
33562.500000	-60.224971
33575.000000	-60.130939
33587.500000	-59.958814
33600.000000	-59.823513
33612.500000	-59.900646
33625.000000	-59.835730
33637.500000	-58.781315
33650.000000	-58.354877
33662.500000	-59.158449
33675.000000	-59.269298
33687.500000	-58.458485
33700.000000	-58.022052
33712.500000	-58.466724
33725.000000	-59.212668
33737.500000	-59.520574
33750.000000	-58.521372
33762.500000	-57.636442
33775.000000	-57.658872
33787.500000	-57.998872
33800.000000	-57.592078
33812.500000	-56.712547
33825.000000	-56.903548
33837.500000	-58.205520
33850.000000	-60.473295
33862.500000	-62.621432
33875.000000	-61.381357
33887.500000	-59.896880
33900.000000	-59.398001
33912.500000	-59.108420
33925.000000	-58.478058
33937.500000	-57.123204
33950.000000	-56.159597
33962.500000	-55.301943
33975.000000	-53.252139
33987.500000	-50.777054
34000.000000	-49.239271
34012.500000	-49.204311
34025.000000	-50.438792
34037.500000	-52.079255
34050.000000	-53.779898
34062.500000	-55.377716
34075.000000	-56.651244
34087.500000	-57.919884
34100.000000	-58.488534
34112.500000	-59.113862
34125.000000	-60.540094
34137.500000	-60.753551
34150.000000	-60.200725
34162.500000	-60.205590
34175.000000	-60.333387
34187.500000	-59.288055
34200.000000	-58.159072
34212.500000	-58.289812
34225.000000	-58.631757
34237.500000	-59.209984
34250.000000	-60.200889
34262.500000	-59.767449
34275.000000	-59.295880
34287.500000	-58.476848
34300.000000	-57.353844
34312.500000	-57.723444
34325.000000	-59.377256
34337.500000	-60.499932
34350.000000	-61.014149
34362.500000	-61.723404
34375.000000	-62.282742
34387.500000	-61.534334
34400.000000	-59.649154
34412.500000	-58.314876
34425.000000	-58.420272
34437.500000	-59.290902
34450.000000	-60.019239
34462.500000	-60.058302
34475.000000	-59.681992
34487.500000	-59.029521
34500.000000	-58.717611
34512.500000	-59.202337
34525.000000	-59.867264
34537.500000	-60.349587
34550.000000	-60.540644
34562.500000	-60.151023
34575.000000	-59.176679
34587.500000	-58.196041
34600.000000	-57.820529
34612.500000	-58.437195
34625.000000	-59.408159
34637.500000	-60.001966
34650.000000	-60.291422
34662.500000	-59.953694
34675.000000	-59.615228
34687.500000	-59.804759
34700.000000	-60.043168
34712.500000	-59.083662
34725.000000	-57.771559
34737.500000	-57.459293
34750.000000	-57.637470
34762.500000	-57.352109
34775.000000	-57.265173
34787.500000	-58.090496
34800.000000	-58.824892
34812.500000	-58.674516
34825.000000	-58.685883
34837.500000	-59.616924
34850.000000	-60.883746
34862.500000	-60.759445
34875.000000	-60.037052
34887.500000	-59.935009
34900.000000	-59.849667
34912.500000	-59.635715
34925.000000	-59.978293
34937.500000	-60.561097
34950.000000	-56.913136
34962.500000	-45.263199
34975.000000	-35.374989
34987.500000	-29.511206
35000.000000	-27.510784
35012.500000	-29.249803
35025.000000	-34.730602
35037.500000	-43.843486
35050.000000	-54.641618
35062.500000	-60.367605
35075.000000	-59.884565
35087.500000	-58.588439
35100.000000	-58.311275
35112.500000	-58.644736
35125.000000	-59.017825
35137.500000	-59.402545
35150.000000	-60.235516
35162.500000	-60.480912
35175.000000	-59.439436
35187.500000	-58.551806
35200.000000	-58.503902
35212.500000	-59.247776
35225.000000	-60.023908
35237.500000	-60.482501
35250.000000	-60.250920
35262.500000	-59.256595
35275.000000	-59.499265
35287.500000	-60.343538
35300.000000	-59.908455
35312.500000	-59.197854
35325.000000	-59.021491
35337.500000	-59.601784
35350.000000	-61.032196
35362.500000	-61.516590
35375.000000	-59.836110
35387.500000	-58.454608
35400.000000	-57.916805
35412.500000	-58.208125
35425.000000	-58.906567
35437.500000	-59.139566
35450.000000	-59.588035
35462.500000	-60.140994
35475.000000	-59.650565
35487.500000	-58.543052
35500.000000	-57.808818
35512.500000	-57.728034
35525.000000	-57.675050
35537.500000	-57.612047
35550.000000	-57.966265
35562.500000	-58.596607
35575.000000	-59.131011
35587.500000	-58.880867
35600.000000	-58.151748
35612.500000	-57.956329
35625.000000	-57.982028
35637.500000	-57.938661
35650.000000	-57.314884
35662.500000	-57.052010
35675.000000	-57.853027
35687.500000	-58.811683
35700.000000	-58.844027
35712.500000	-58.285127
35725.000000	-58.618105
35737.500000	-59.614514
35750.000000	-59.945417
35762.500000	-59.905123
35775.000000	-60.232626
35787.500000	-60.526405
35800.000000	-60.570444
35812.500000	-60.867213
35825.000000	-60.915626
35837.500000	-60.524905
35850.000000	-60.337818
35862.500000	-60.004824
35875.000000	-59.135379
35887.500000	-57.955051
35900.000000	-57.089337
35912.500000	-57.215600
35925.000000	-57.845993
35937.500000	-57.598031
35950.000000	-56.041945
35962.500000	-53.935295
35975.000000	-51.596219
35987.500000	-49.788013
36000.000000	-49.149366
36012.500000	-49.841139
36025.000000	-51.760807
36037.500000	-54.111827
36050.000000	-55.674351
36062.500000	-57.201932
36075.000000	-59.164784
36087.500000	-59.752063
36100.000000	-59.078804
36112.500000	-59.355613
36125.000000	-59.107899
36137.500000	-58.335361
36150.000000	-58.730885
36162.500000	-59.914087
36175.000000	-60.887100
36187.500000	-61.149305
36200.000000	-61.295355
36212.500000	-60.847730
36225.000000	-59.673976
36237.500000	-59.197954
36250.000000	-59.909294
36262.500000	-60.961234
36275.000000	-61.012343
36287.500000	-60.325804
36300.000000	-60.096291
36312.500000	-60.564598
36325.000000	-61.012967
36337.500000	-61.018475
36350.000000	-61.461957
36362.500000	-61.579189
36375.000000	-59.983998
36387.500000	-58.525535
36400.000000	-58.078240
36412.500000	-58.169642
36425.000000	-58.916342
36437.500000	-59.737249
36450.000000	-59.443827
36462.500000	-58.698508
36475.000000	-58.264500
36487.500000	-57.223547
36500.000000	-56.174830
36512.500000	-56.191118
36525.000000	-57.110050
36537.500000	-58.416514
36550.000000	-58.732159
36562.500000	-57.296136
36575.000000	-56.328402
36587.500000	-56.762957
36600.000000	-57.419229
36612.500000	-57.079259
36625.000000	-56.320059
36637.500000	-55.828886
36650.000000	-55.911567
36662.500000	-56.807682
36675.000000	-58.449684
36687.500000	-60.072029
36700.000000	-60.429592
36712.500000	-59.715815
36725.000000	-59.106985
36737.500000	-59.721414
36750.000000	-61.092237
36762.500000	-61.510826
36775.000000	-61.266371
36787.500000	-61.046303
36800.000000	-60.010854
36812.500000	-58.819158
36825.000000	-58.680810
36837.500000	-59.134051
36850.000000	-59.169162
36862.500000	-58.922340
36875.000000	-59.052219
36887.500000	-60.384411
36900.000000	-61.538146
36912.500000	-59.805297
36925.000000	-58.589577
36937.500000	-58.307097
36950.000000	-54.765190
36962.500000	-44.590206
36975.000000	-35.188059
36987.500000	-29.471667
37000.000000	-27.548845
37012.500000	-29.351712
37025.000000	-34.879175
37037.500000	-43.803969
37050.000000	-53.081341
37062.500000	-57.248103
37075.000000	-58.358134
37087.500000	-58.769359
37100.000000	-59.496911
37112.500000	-61.202817
37125.000000	-60.730950
37137.500000	-59.729151
37150.000000	-60.964212
37162.500000	-62.173040
37175.000000	-61.504457
37187.500000	-61.074787
37200.000000	-61.438472
37212.500000	-61.941471
37225.000000	-62.319417
37237.500000	-62.036057
37250.000000	-60.877224
37262.500000	-59.707886
37275.000000	-59.009354
37287.500000	-58.569523
37300.000000	-58.103525
37312.500000	-58.025899
37325.000000	-58.931088
37337.500000	-60.749658
37350.000000	-61.377279
37362.500000	-59.659291
37375.000000	-57.725552
37387.500000	-56.077523
37400.000000	-55.226951
37412.500000	-55.436641
37425.000000	-56.145060
37437.500000	-56.326945
37450.000000	-55.846556
37462.500000	-55.834205
37475.000000	-56.915116
37487.500000	-58.344668
37500.000000	-58.399428
37512.500000	-57.770844
37525.000000	-57.620081
37537.500000	-58.530578
37550.000000	-59.515857
37562.500000	-58.955790
37575.000000	-58.085461
37587.500000	-58.148799
37600.000000	-58.454032
37612.500000	-57.843925
37625.000000	-56.984934
37637.500000	-57.160655
37650.000000	-58.564595
37662.500000	-60.149678
37675.000000	-60.975318
37687.500000	-61.304257
37700.000000	-60.951096
37712.500000	-59.866916
37725.000000	-59.322178
37737.500000	-59.289200
37750.000000	-59.319550
37762.500000	-60.089262
37775.000000	-61.463340
37787.500000	-62.079005
37800.000000	-60.721617
37812.500000	-59.124116
37825.000000	-58.624309
37837.500000	-59.196650
37850.000000	-59.833975
37862.500000	-59.150420
37875.000000	-57.907578
37887.500000	-57.117451
37900.000000	-56.676350
37912.500000	-56.340961
37925.000000	-56.014079
37937.500000	-56.056680
37950.000000	-56.173689
37962.500000	-54.496795
37975.000000	-51.589705
37987.500000	-49.503962
38000.000000	-48.872290
38012.500000	-49.802402
38025.000000	-51.826482
38037.500000	-53.576864
38050.000000	-54.109935
38062.500000	-54.308093
38075.000000	-54.918538
38087.500000	-55.918698
38100.000000	-56.792762
38112.500000	-57.176555
38125.000000	-57.671672
38137.500000	-58.913107
38150.000000	-59.865909
38162.500000	-60.420145
38175.000000	-60.953725
38187.500000	-60.193716
38200.000000	-60.068181
38212.500000	-60.512843
38225.000000	-60.308905
38237.500000	-59.300165
38250.000000	-58.435685
38262.500000	-58.564555
38275.000000	-59.187363
38287.500000	-59.175776
38300.000000	-58.695382
38312.500000	-58.451470
38325.000000	-58.504839
38337.500000	-59.325985
38350.000000	-61.331988
38362.500000	-61.764712
38375.000000	-59.968256
38387.500000	-58.837988
38400.000000	-57.725359
38412.500000	-56.687593
38425.000000	-56.118260
38437.500000	-56.175729
38450.000000	-56.552213
38462.500000	-56.608406
38475.000000	-57.292707
38487.500000	-58.599954
38500.000000	-58.738971
38512.500000	-58.114640
38525.000000	-57.709691
38537.500000	-57.174875
38550.000000	-56.793528
38562.500000	-57.918342
38575.000000	-60.018536
38587.500000	-60.600955
38600.000000	-60.310479
38612.500000	-60.863025
38625.000000	-61.436250
38637.500000	-60.750864
38650.000000	-59.850730
38662.500000	-59.899602
38675.000000	-60.864460
38687.500000	-61.699736
38700.000000	-61.220934
38712.500000	-60.466614
38725.000000	-60.316994
38737.500000	-59.063300
38750.000000	-58.152664
38762.500000	-58.502394
38775.000000	-58.894072
38787.500000	-58.727229
38800.000000	-57.576373
38812.500000	-56.709417
38825.000000	-57.242640
38837.500000	-58.306964
38850.000000	-58.371256
38862.500000	-59.123359
38875.000000	-60.222450
38887.500000	-59.845990
38900.000000	-60.245374
38912.500000	-60.730385
38925.000000	-60.011918
38937.500000	-59.620173
38950.000000	-55.491120
38962.500000	-44.645430
38975.000000	-35.310263
38987.500000	-29.650379
39000.000000	-27.745802
39012.500000	-29.546069
39025.000000	-35.070040
39037.500000	-44.184146
39050.000000	-54.648048
39062.500000	-58.994539
39075.000000	-60.466565
39087.500000	-60.000130
39100.000000	-58.974713
39112.500000	-59.038562
39125.000000	-59.740929
39137.500000	-60.209581
39150.000000	-59.534016
39162.500000	-59.054819
39175.000000	-59.399569
39187.500000	-59.623291
39200.000000	-60.016383
39212.500000	-60.855188
39225.000000	-60.777906
39237.500000	-59.526543
39250.000000	-58.522381
39262.500000	-58.299234
39275.000000	-58.883256
39287.500000	-60.207198
39300.000000	-60.956186
39312.500000	-59.978213
39325.000000	-59.040560
39337.500000	-58.708633
39350.000000	-59.017827
39362.500000	-59.600714
39375.000000	-59.640839
39387.500000	-59.598581
39400.000000	-59.347920
39412.500000	-58.129603
39425.000000	-56.556090
39437.500000	-56.436851
39450.000000	-58.424829
39462.500000	-60.249373
39475.000000	-59.270436
39487.500000	-58.545480
39500.000000	-58.388375
39512.500000	-58.371703
39525.000000	-58.021886
39537.500000	-56.644722
39550.000000	-55.216212
39562.500000	-55.122690
39575.000000	-55.961782
39587.500000	-57.238729
39600.000000	-58.711086
39612.500000	-59.802570
39625.000000	-60.329460
39637.500000	-60.181682
39650.000000	-59.579549
39662.500000	-59.561082
39675.000000	-59.905827
39687.500000	-59.634449
39700.000000	-59.333282
39712.500000	-59.225693
39725.000000	-59.499925
39737.500000	-59.623228
39750.000000	-58.986841
39762.500000	-57.620911
39775.000000	-57.009762
39787.500000	-57.899484
39800.000000	-58.634395
39812.500000	-58.279048
39825.000000	-58.012676
39837.500000	-57.480116
39850.000000	-58.148357
39862.500000	-60.916011
39875.000000	-61.116915
39887.500000	-59.112032
39900.000000	-58.379441
39912.500000	-57.532945
39925.000000	-56.421778
39937.500000	-55.501169
39950.000000	-54.384993
39962.500000	-52.530885
39975.000000	-50.438239
39987.500000	-48.780073
