Frequency	dBVrms
0.000000	-0.226963
12.500000	0.836943
25.000000	-5.126731
37.500000	-15.527834
50.000000	-31.302675
62.500000	-52.770596
75.000000	-55.149238
87.500000	-55.800592
100.000000	-56.785847
112.500000	-58.353633
125.000000	-60.062557
137.500000	-61.494413
150.000000	-61.739290
162.500000	-61.075665
175.000000	-61.546333
187.500000	-62.812265
200.000000	-60.470955
212.500000	-58.021271
225.000000	-57.901069
237.500000	-59.038712
250.000000	-60.038711
262.500000	-60.438027
275.000000	-60.054970
287.500000	-59.359740
300.000000	-58.720870
312.500000	-58.825619
325.000000	-59.432657
337.500000	-59.462441
350.000000	-59.350765
362.500000	-59.075180
375.000000	-57.836343
387.500000	-56.777436
400.000000	-56.701791
412.500000	-57.360822
425.000000	-58.526071
437.500000	-59.593717
450.000000	-60.574441
462.500000	-61.209784
475.000000	-61.436912
487.500000	-62.364207
500.000000	-61.918201
512.500000	-60.333551
525.000000	-60.157188
537.500000	-61.347000
550.000000	-62.300923
562.500000	-63.228235
575.000000	-63.104665
587.500000	-61.576291
600.000000	-60.124463
612.500000	-59.132089
625.000000	-59.492006
637.500000	-60.973884
650.000000	-61.380787
662.500000	-60.874816
675.000000	-60.687876
687.500000	-60.591412
700.000000	-61.259060
712.500000	-62.744946
725.000000	-63.745871
737.500000	-62.884630
750.000000	-61.810909
762.500000	-61.398121
775.000000	-60.397173
787.500000	-59.697101
800.000000	-60.235903
812.500000	-61.314366
825.000000	-62.111250
837.500000	-61.684505
850.000000	-60.498732
862.500000	-59.554820
875.000000	-59.130675
887.500000	-60.081706
900.000000	-62.273078
912.500000	-62.777280
925.000000	-61.237487
937.500000	-59.793931
950.000000	-59.215830
962.500000	-56.173918
975.000000	-47.930671
987.500000	-42.118927
1000.000000	-40.170622
1012.500000	-42.081319
1025.000000	-47.883125
1037.500000	-56.605580
1050.000000	-61.730397
1062.500000	-62.720910
1075.000000	-61.589076
1087.500000	-60.257335
1100.000000	-60.185713
1112.500000	-61.315039
1125.000000	-61.871835
1137.500000	-62.134062
1150.000000	-62.544079
1162.500000	-61.909951
1175.000000	-61.323561
1187.500000	-61.791875
1200.000000	-61.674304
1212.500000	-59.239475
1225.000000	-57.480134
1237.500000	-57.478559
1250.000000	-58.556142
1262.500000	-59.585297
1275.000000	-59.878086
1287.500000	-59.461090
1300.000000	-58.900990
1312.500000	-58.909658
1325.000000	-59.353599
1337.500000	-60.373956
1350.000000	-61.573236
1362.500000	-62.532748
1375.000000	-64.052725
1387.500000	-62.991680
1400.000000	-60.440418
1412.500000	-59.740767
1425.000000	-60.284433
1437.500000	-59.622870
1450.000000	-58.119798
1462.500000	-57.725861
1475.000000	-58.704049
1487.500000	-59.411880
1500.000000	-58.980177
1512.500000	-59.522031
1525.000000	-61.476762
1537.500000	-61.414974
1550.000000	-59.948993
1562.500000	-60.036480
1575.000000	-61.180961
1587.500000	-60.966477
1600.000000	-60.048907
1612.500000	-60.417566
1625.000000	-60.853783
1637.500000	-60.130189
1650.000000	-60.323475
1662.500000	-62.165687
1675.000000	-64.062305
1687.500000	-63.610896
1700.000000	-61.356915
1712.500000	-60.260252
1725.000000	-61.184869
1737.500000	-62.424569
1750.000000	-62.723080
1762.500000	-62.598453
1775.000000	-61.773117
1787.500000	-60.865580
1800.000000	-60.569945
1812.500000	-60.900437
1825.000000	-61.172806
1837.500000	-61.107703
1850.000000	-61.347551
1862.500000	-61.018973
1875.000000	-60.350912
1887.500000	-60.025351
1900.000000	-59.519088
1912.500000	-58.832420
1925.000000	-58.756518
1937.500000	-59.746849
1950.000000	-60.942115
1962.500000	-60.910742
1975.000000	-60.220207
1987.500000	-60.059787
2000.000000	-60.836332
2012.500000	-61.984042
2025.000000	-62.611722
2037.500000	-63.123500
2050.000000	-62.858546
2062.500000	-58.950744
2075.000000	-55.501366
2087.500000	-55.557186
2100.000000	-58.615206
2112.500000	-60.083205
2125.000000	-60.585445
2137.500000	-60.634460
2150.000000	-59.339108
2162.500000	-59.254304
2175.000000	-59.841662
2187.500000	-60.491419
2200.000000	-61.012423
2212.500000	-60.404525
2225.000000	-60.251310
2237.500000	-60.798541
2250.000000	-60.405184
2262.500000	-60.122690
2275.000000	-60.453446
2287.500000	-60.402532
2300.000000	-60.306335
2312.500000	-61.462603
2325.000000	-62.547523
2337.500000	-61.742797
2350.000000	-61.503159
2362.500000	-61.492284
2375.000000	-60.453275
2387.500000	-60.388873
2400.000000	-61.838460
2412.500000	-62.949754
2425.000000	-63.838821
2437.500000	-65.227824
2450.000000	-65.077148
2462.500000	-63.824149
2475.000000	-63.198927
2487.500000	-62.320113
2500.000000	-60.357602
2512.500000	-59.620722
2525.000000	-59.929561
2537.500000	-60.893168
2550.000000	-63.184749
2562.500000	-63.903369
2575.000000	-62.754570
2587.500000	-62.911600
2600.000000	-63.724905
2612.500000	-63.479933
2625.000000	-62.999636
2637.500000	-62.450175
2650.000000	-61.283613
2662.500000	-60.364810
2675.000000	-60.066866
2687.500000	-60.088323
2700.000000	-61.059393
2712.500000	-63.229237
2725.000000	-64.068730
2737.500000	-62.374250
2750.000000	-60.880082
2762.500000	-60.001641
2775.000000	-59.783190
2787.500000	-60.429081
2800.000000	-61.449892
2812.500000	-62.430212
2825.000000	-63.448669
2837.500000	-63.414001
2850.000000	-63.302081
2862.500000	-63.709272
2875.000000	-63.081273
2887.500000	-61.329064
2900.000000	-59.896156
2912.500000	-59.961665
2925.000000	-60.755405
2937.500000	-60.959546
2950.000000	-61.216671
2962.500000	-62.258298
2975.000000	-62.718516
2987.500000	-61.999322
3000.000000	-62.538027
3012.500000	-63.620522
3025.000000	-62.458782
3037.500000	-61.865521
3050.000000	-60.984323
3062.500000	-59.466807
3075.000000	-58.794941
3087.500000	-59.180052
3100.000000	-60.113829
3112.500000	-61.511315
3125.000000	-62.836340
3137.500000	-62.489925
3150.000000	-62.077247
3162.500000	-61.524804
3175.000000	-59.952763
3187.500000	-59.319259
3200.000000	-59.832388
3212.500000	-60.409224
3225.000000	-60.738767
3237.500000	-60.573800
3250.000000	-60.216262
3262.500000	-60.312950
3275.000000	-60.615149
3287.500000	-60.465233
3300.000000	-59.887054
3312.500000	-59.922357
3325.000000	-60.187206
3337.500000	-59.644323
3350.000000	-59.065848
3362.500000	-59.354783
3375.000000	-60.094032
3387.500000	-60.188857
3400.000000	-60.296720
3412.500000	-60.689951
3425.000000	-61.689577
3437.500000	-62.968646
3450.000000	-62.427925
3462.500000	-61.329531
3475.000000	-61.389827
3487.500000	-62.669151
3500.000000	-61.848918
3512.500000	-60.029339
3525.000000	-60.255338
3537.500000	-61.787719
3550.000000	-62.818106
3562.500000	-62.929321
3575.000000	-62.914638
3587.500000	-62.136323
3600.000000	-61.244597
3612.500000	-60.967599
3625.000000	-61.229531
3637.500000	-61.744440
3650.000000	-61.810875
3662.500000	-61.588624
3675.000000	-61.702602
3687.500000	-61.875771
3700.000000	-61.701527
3712.500000	-60.571895
3725.000000	-61.079020
3737.500000	-61.898306
3750.000000	-61.068388
3762.500000	-61.120852
3775.000000	-60.456059
3787.500000	-59.034809
3800.000000	-58.428109
3812.500000	-59.046959
3825.000000	-60.765418
3837.500000	-61.967745
3850.000000	-60.594946
3862.500000	-59.084465
3875.000000	-59.388747
3887.500000	-61.396003
3900.000000	-61.555160
3912.500000	-59.916455
3925.000000	-59.507615
3937.500000	-59.841021
3950.000000	-60.206354
3962.500000	-60.975931
3975.000000	-61.496081
3987.500000	-61.082541
4000.000000	-60.574850
4012.500000	-60.285394
4025.000000	-60.166470
4037.500000	-60.377186
4050.000000	-60.530840
4062.500000	-60.446029
4075.000000	-60.787698
4087.500000	-61.407114
4100.000000	-61.886220
4112.500000	-62.394010
4125.000000	-62.213570
4137.500000	-60.937908
4150.000000	-60.657839
4162.500000	-60.954529
4175.000000	-60.067075
4187.500000	-59.737679
4200.000000	-60.717193
4212.500000	-60.390602
4225.000000	-59.078184
4237.500000	-59.076644
4250.000000	-59.858780
4262.500000	-59.996227
4275.000000	-59.999724
4287.500000	-60.474897
4300.000000	-60.824962
4312.500000	-61.667818
4325.000000	-63.762212
4337.500000	-63.499733
4350.000000	-60.838960
4362.500000	-59.734854
4375.000000	-60.681291
4387.500000	-63.285240
4400.000000	-65.059740
4412.500000	-64.128240
4425.000000	-61.216520
4437.500000	-58.496124
4450.000000	-56.791694
4462.500000	-56.546957
4475.000000	-58.329979
4487.500000	-61.333804
4500.000000	-63.138771
4512.500000	-63.275068
4525.000000	-61.876077
4537.500000	-61.225216
4550.000000	-62.106491
4562.500000	-62.890792
4575.000000	-62.620761
4587.500000	-62.395763
4600.000000	-62.410145
4612.500000	-62.407124
4625.000000	-61.815989
4637.500000	-61.042963
4650.000000	-61.275735
4662.500000	-61.739080
4675.000000	-61.226329
4687.500000	-60.301097
4700.000000	-59.366564
4712.500000	-59.021470
4725.000000	-58.733513
4737.500000	-58.237391
4750.000000	-58.421347
4762.500000	-59.263228
4775.000000	-60.196628
4787.500000	-60.820438
4800.000000	-60.614395
4812.500000	-60.119900
4825.000000	-59.762251
4837.500000	-59.759853
4850.000000	-60.750723
4862.500000	-62.245266
4875.000000	-62.943310
4887.500000	-62.606619
4900.000000	-61.731935
4912.500000	-61.335729
4925.000000	-61.280148
4937.500000	-60.851668
4950.000000	-60.634954
4962.500000	-60.744716
4975.000000	-61.122772
4987.500000	-62.473397
5000.000000	-63.908338
5012.500000	-62.431687
5025.000000	-60.708075
5037.500000	-60.084073
5050.000000	-59.972162
5062.500000	-60.913064
5075.000000	-62.173850
5087.500000	-60.938408
5100.000000	-60.073733
5112.500000	-60.469366
5125.000000	-61.658657
5137.500000	-63.119105
5150.000000	-62.206069
5162.500000	-61.423571
5175.000000	-61.374967
5187.500000	-60.084709
5200.000000	-59.412628
5212.500000	-60.119944
5225.000000	-61.162772
5237.500000	-62.077016
5250.000000	-62.274849
5262.500000	-61.484994
5275.000000	-60.892451
5287.500000	-61.758228
5300.000000	-63.175275
5312.500000	-63.002416
5325.000000	-61.698146
5337.500000	-61.185373
5350.000000	-62.397658
5362.500000	-63.258757
5375.000000	-62.322186
5387.500000	-61.708503
5400.000000	-61.465422
5412.500000	-61.441831
5425.000000	-61.575334
5437.500000	-60.840469
5450.000000	-59.190499
5462.500000	-58.454731
5475.000000	-59.153771
5487.500000	-60.264004
5500.000000	-60.913043
5512.500000	-62.016260
5525.000000	-63.691242
5537.500000	-65.364012
5550.000000	-66.229592
5562.500000	-64.359392
5575.000000	-62.353447
5587.500000	-61.636591
5600.000000	-62.249936
5612.500000	-64.698255
5625.000000	-63.943385
5637.500000	-62.424852
5650.000000	-62.794449
5662.500000	-61.934221
5675.000000	-61.401376
5687.500000	-61.843507
5700.000000	-62.329527
5712.500000	-63.065001
5725.000000	-63.169065
5737.500000	-62.411785
5750.000000	-62.290890
5762.500000	-62.262192
5775.000000	-62.014217
5787.500000	-61.741709
5800.000000	-61.518538
5812.500000	-61.777562
5825.000000	-61.277001
5837.500000	-60.725904
5850.000000	-61.404298
5862.500000	-62.231692
5875.000000	-62.317836
5887.500000	-62.905188
5900.000000	-64.040960
5912.500000	-64.200886
5925.000000	-62.712185
5937.500000	-61.279278
5950.000000	-61.066891
5962.500000	-62.043552
5975.000000	-63.049546
5987.500000	-61.886663
6000.000000	-60.555869
6012.500000	-60.478114
6025.000000	-60.743263
6037.500000	-60.803077
6050.000000	-61.287671
6062.500000	-61.868029
6075.000000	-61.818284
6087.500000	-61.957192
6100.000000	-61.454752
6112.500000	-60.180517
6125.000000	-59.161721
6137.500000	-58.373492
6150.000000	-58.097716
6162.500000	-58.702099
6175.000000	-60.604512
6187.500000	-62.475472
6200.000000	-61.324253
6212.500000	-60.062641
6225.000000	-59.518255
6237.500000	-58.835478
6250.000000	-58.136983
6262.500000	-57.911625
6275.000000	-58.817211
6287.500000	-60.009332
6300.000000	-59.513081
6312.500000	-58.609026
6325.000000	-58.254557
6337.500000	-57.952558
6350.000000	-58.045595
6362.500000	-59.157375
6375.000000	-60.352158
6387.500000	-60.852975
6400.000000	-61.543358
6412.500000	-61.438170
6425.000000	-60.211412
6437.500000	-59.150029
6450.000000	-58.688169
6462.500000	-59.229153
6475.000000	-61.170373
6487.500000	-62.639682
6500.000000	-61.807210
6512.500000	-60.627405
6525.000000	-60.135032
6537.500000	-60.693274
6550.000000	-61.722023
6562.500000	-61.875243
6575.000000	-61.657487
6587.500000	-62.163994
6600.000000	-62.933574
6612.500000	-62.344516
6625.000000	-61.565367
6637.500000	-61.276084
6650.000000	-60.063090
6662.500000	-58.407227
6675.000000	-57.968316
6687.500000	-59.410674
6700.000000	-61.763578
6712.500000	-61.397342
6725.000000	-59.813425
6737.500000	-59.514172
6750.000000	-59.905767
6762.500000	-59.940192
6775.000000	-59.663966
6787.500000	-59.377532
6800.000000	-59.061987
6812.500000	-58.901452
6825.000000	-59.555269
6837.500000	-59.949600
6850.000000	-58.884057
6862.500000	-58.114797
6875.000000	-57.894340
6887.500000	-58.119313
6900.000000	-59.331718
6912.500000	-60.758106
6925.000000	-61.073834
6937.500000	-60.818142
6950.000000	-60.512994
6962.500000	-61.111540
6975.000000	-61.869686
6987.500000	-60.968795
7000.000000	-60.199053
7012.500000	-60.120575
7025.000000	-59.899940
7037.500000	-59.952996
7050.000000	-60.345971
7062.500000	-60.814104
7075.000000	-61.123160
7087.500000	-62.372022
7100.000000	-64.217675
7112.500000	-63.296593
7125.000000	-61.088541
7137.500000	-59.715026
7150.000000	-59.026831
7162.500000	-58.918711
7175.000000	-59.608456
7187.500000	-60.950324
7200.000000	-62.824761
7212.500000	-62.314352
7225.000000	-60.661313
7237.500000	-60.598142
7250.000000	-61.212250
7262.500000	-61.038215
7275.000000	-61.232015
7287.500000	-61.870376
7300.000000	-61.296979
7312.500000	-61.084844
7325.000000	-61.618008
7337.500000	-62.064829
7350.000000	-63.400041
7362.500000	-63.247456
7375.000000	-60.866605
7387.500000	-60.292943
7400.000000	-61.616696
7412.500000	-63.156915
7425.000000	-63.711507
7437.500000	-64.527601
7450.000000	-64.264831
7462.500000	-63.058037
7475.000000	-62.109833
7487.500000	-61.201396
7500.000000	-60.378002
7512.500000	-60.443604
7525.000000	-61.865885
7537.500000	-64.603609
7550.000000	-62.553418
7562.500000	-59.272419
7575.000000	-58.688776
7587.500000	-59.086286
7600.000000	-59.221630
7612.500000	-59.553081
7625.000000	-59.865552
7637.500000	-59.474062
7650.000000	-59.294572
7662.500000	-60.184562
7675.000000	-61.591699
7687.500000	-62.426475
7700.000000	-62.359270
7712.500000	-61.714719
7725.000000	-60.435577
7737.500000	-59.720274
7750.000000	-60.009211
7762.500000	-60.808309
7775.000000	-62.219440
7787.500000	-62.678444
7800.000000	-61.008972
7812.500000	-60.105492
7825.000000	-60.907731
7837.500000	-62.830355
7850.000000	-63.306479
7862.500000	-61.660989
7875.000000	-60.304677
7887.500000	-59.656565
7900.000000	-59.150973
7912.500000	-59.120978
7925.000000	-59.911723
7937.500000	-60.950482
7950.000000	-62.260745
7962.500000	-63.186680
7975.000000	-62.196245
7987.500000	-61.172355
8000.000000	-60.228801
8012.500000	-59.784209
8025.000000	-60.190551
8037.500000	-60.323106
8050.000000	-60.995613
8062.500000	-62.743813
8075.000000	-62.816217
8087.500000	-61.269862
8100.000000	-58.794576
8112.500000	-57.700962
8125.000000	-58.412018
8137.500000	-59.658641
8150.000000	-60.509289
8162.500000	-61.286506
8175.000000	-61.713242
8187.500000	-62.015095
8200.000000	-62.981231
8212.500000	-63.538118
8225.000000	-62.544280
8237.500000	-61.571617
8250.000000	-61.310234
8262.500000	-60.745812
8275.000000	-59.172441
8287.500000	-57.992130
8300.000000	-57.739195
8312.500000	-57.911745
8325.000000	-58.147013
8337.500000	-57.899610
8350.000000	-57.657230
8362.500000	-58.604202
8375.000000	-60.429854
8387.500000	-62.002905
8400.000000	-62.417076
8412.500000	-62.095568
8425.000000	-61.587031
8437.500000	-61.261780
8450.000000	-61.052086
8462.500000	-61.414922
8475.000000	-62.240081
8487.500000	-61.516464
8500.000000	-59.563664
8512.500000	-59.074891
8525.000000	-60.042773
8537.500000	-60.292752
8550.000000	-59.583453
8562.500000	-59.915528
8575.000000	-61.876854
8587.500000	-63.401913
8600.000000	-62.274206
8612.500000	-61.098519
8625.000000	-61.151128
8637.500000	-61.664199
8650.000000	-60.272130
8662.500000	-59.194873
8675.000000	-60.018899
8687.500000	-60.273323
8700.000000	-60.281008
8712.500000	-60.872440
8725.000000	-61.290490
8737.500000	-61.734334
8750.000000	-62.811399
8762.500000	-63.151655
8775.000000	-62.604901
8787.500000	-61.865377
8800.000000	-61.011327
8812.500000	-61.266989
8825.000000	-62.643370
8837.500000	-63.601450
8850.000000	-62.739913
8862.500000	-60.491851
8875.000000	-58.888708
8887.500000	-59.099797
8900.000000	-61.291467
8912.500000	-64.155561
8925.000000	-63.163958
8937.500000	-61.075532
8950.000000	-59.854679
8962.500000	-59.407876
8975.000000	-59.868720
8987.500000	-60.526237
9000.000000	-61.005171
9012.500000	-60.915601
9025.000000	-60.406996
9037.500000	-61.259853
9050.000000	-63.950042
9062.500000	-64.254462
9075.000000	-62.593685
9087.500000	-61.373874
9100.000000	-60.914972
9112.500000	-61.130924
9125.000000	-60.913668
9137.500000	-60.384839
9150.000000	-60.512401
9162.500000	-60.499973
9175.000000	-60.138882
9187.500000	-60.606150
9200.000000	-61.397425
9212.500000	-60.588181
9225.000000	-59.315521
9237.500000	-59.491627
9250.000000	-60.983367
9262.500000	-62.667654
9275.000000	-62.429661
9287.500000	-60.566586
9300.000000	-59.364883
9312.500000	-59.428481
9325.000000	-59.713220
9337.500000	-59.600643
9350.000000	-60.274687
9362.500000	-62.531612
9375.000000	-64.227729
9387.500000	-62.609414
9400.000000	-61.217686
9412.500000	-60.964780
9425.000000	-60.861507
9437.500000	-59.532618
9450.000000	-58.310324
9462.500000	-58.612885
9475.000000	-60.217631
9487.500000	-61.522191
9500.000000	-61.745551
9512.500000	-62.597054
9525.000000	-64.391662
9537.500000	-62.960902
9550.000000	-60.574801
9562.500000	-60.159513
9575.000000	-61.212484
9587.500000	-62.348065
9600.000000	-62.375452
9612.500000	-62.258256
9625.000000	-62.894771
9637.500000	-63.213595
9650.000000	-62.519902
9662.500000	-61.537678
9675.000000	-60.206769
9687.500000	-59.065143
9700.000000	-59.010626
9712.500000	-60.404790
9725.000000	-61.605276
9737.500000	-60.247219
9750.000000	-59.411970
9762.500000	-60.312032
9775.000000	-62.047847
9787.500000	-63.485226
9800.000000	-63.604754
9812.500000	-62.175172
9825.000000	-61.191516
9837.500000	-62.097249
9850.000000	-64.349652
9862.500000	-64.251959
9875.000000	-62.066838
9887.500000	-61.189226
9900.000000	-60.915231
9912.500000	-60.682854
9925.000000	-60.713312
9937.500000	-56.995182
9950.000000	-37.116480
9962.500000	-21.417698
9975.000000	-10.993661
9987.500000	-5.008982
10000.000000	-3.044487
10012.500000	-4.973483
10025.000000	-10.918080
10037.500000	-21.289503
10050.000000	-36.933646
10062.500000	-57.677259
10075.000000	-62.678043
10087.500000	-62.483814
10100.000000	-61.502528
10112.500000	-59.676622
10125.000000	-58.739555
10137.500000	-59.611569
10150.000000	-61.396781
10162.500000	-63.118355
10175.000000	-64.510401
10187.500000	-64.096275
10200.000000	-61.945082
10212.500000	-60.187508
10225.000000	-59.492800
10237.500000	-58.895690
10250.000000	-58.580657
10262.500000	-60.074363
10275.000000	-62.240468
10287.500000	-61.914438
10300.000000	-61.401489
10312.500000	-61.540750
10325.000000	-62.402573
10337.500000	-63.368196
10350.000000	-62.803862
10362.500000	-61.271428
10375.000000	-60.793108
10387.500000	-61.232108
10400.000000	-61.428342
10412.500000	-60.985874
10425.000000	-60.838209
10437.500000	-61.586543
10450.000000	-62.356612
10462.500000	-62.068088
10475.000000	-62.015653
10487.500000	-62.645182
10500.000000	-62.923060
10512.500000	-62.940266
10525.000000	-63.150352
10537.500000	-61.598570
10550.000000	-60.401944
10562.500000	-60.967469
10575.000000	-62.054445
10587.500000	-61.869833
10600.000000	-61.189179
10612.500000	-61.413695
10625.000000	-61.284006
10637.500000	-60.131687
10650.000000	-59.522664
10662.500000	-60.058387
10675.000000	-61.796184
10687.500000	-63.329016
10700.000000	-61.588727
10712.500000	-60.773555
10725.000000	-61.709571
10737.500000	-62.265987
10750.000000	-62.146013
10762.500000	-61.798512
10775.000000	-61.974335
10787.500000	-62.840179
10800.000000	-63.670554
10812.500000	-63.899159
10825.000000	-63.143033
10837.500000	-62.533221
10850.000000	-62.988225
10862.500000	-64.638590
10875.000000	-64.665886
10887.500000	-63.193144
10900.000000	-62.364986
10912.500000	-61.914411
10925.000000	-60.826896
10937.500000	-59.827057
10950.000000	-59.686193
10962.500000	-60.293640
10975.000000	-61.150146
10987.500000	-60.737376
11000.000000	-59.608330
11012.500000	-59.789137
11025.000000	-61.205171
11037.500000	-62.601305
11050.000000	-63.930373
11062.500000	-64.406918
11075.000000	-62.884861
11087.500000	-61.441522
11100.000000	-61.431218
11112.500000	-62.189026
11125.000000	-62.471932
11137.500000	-62.657259
11150.000000	-63.239528
11162.500000	-62.851079
11175.000000	-61.416773
11187.500000	-60.290857
11200.000000	-59.378895
11212.500000	-58.087444
11225.000000	-57.062579
11237.500000	-56.840874
11250.000000	-57.632889
11262.500000	-59.314293
11275.000000	-60.881869
11287.500000	-61.657564
11300.000000	-61.580101
11312.500000	-61.217947
11325.000000	-62.016571
11337.500000	-62.905671
11350.000000	-62.089999
11362.500000	-62.030805
11375.000000	-62.262777
11387.500000	-61.200281
11400.000000	-59.611147
11412.500000	-59.128393
11425.000000	-60.021044
11437.500000	-61.054552
11450.000000	-61.524125
11462.500000	-62.426797
11475.000000	-63.719160
11487.500000	-63.265071
11500.000000	-61.093564
11512.500000	-59.938534
11525.000000	-60.954531
11537.500000	-63.163133
11550.000000	-63.128637
11562.500000	-62.653212
11575.000000	-63.081570
11587.500000	-62.389061
11600.000000	-61.355616
11612.500000	-61.689463
11625.000000	-62.972392
11637.500000	-62.947007
11650.000000	-62.589702
11662.500000	-63.049018
11675.000000	-63.151456
11687.500000	-62.108472
11700.000000	-61.506774
11712.500000	-62.312891
11725.000000	-62.725017
11737.500000	-62.082076
11750.000000	-61.947551
11762.500000	-62.079565
11775.000000	-62.555569
11787.500000	-63.378449
11800.000000	-63.340329
11812.500000	-63.493510
11825.000000	-62.931197
11837.500000	-61.261002
11850.000000	-61.051998
11862.500000	-62.068499
11875.000000	-62.751500
11887.500000	-62.984821
11900.000000	-63.508296
11912.500000	-63.889756
11925.000000	-62.886128
11937.500000	-62.340696
11950.000000	-63.027458
11962.500000	-63.558320
11975.000000	-63.214540
11987.500000	-62.257148
12000.000000	-61.837448
12012.500000	-62.076886
12025.000000	-63.287815
12037.500000	-64.650188
12050.000000	-63.938287
12062.500000	-61.487873
12075.000000	-59.223786
12087.500000	-58.020138
12100.000000	-57.805280
12112.500000	-58.857482
12125.000000	-61.260286
12137.500000	-62.063886
12150.000000	-60.672847
12162.500000	-60.115507
12175.000000	-59.765645
12187.500000	-59.187437
12200.000000	-59.078141
12212.500000	-59.208879
12225.000000	-59.338346
12237.500000	-59.945398
12250.000000	-60.883094
12262.500000	-61.445650
12275.000000	-61.090226
12287.500000	-61.087256
12300.000000	-62.802648
12312.500000	-63.335144
12325.000000	-62.162407
12337.500000	-61.444900
12350.000000	-60.465100
12362.500000	-59.964720
12375.000000	-60.476802
12387.500000	-60.313332
12400.000000	-59.422216
12412.500000	-59.870054
12425.000000	-61.046526
12437.500000	-61.268155
12450.000000	-60.877573
12462.500000	-60.375644
12475.000000	-60.640059
12487.500000	-61.971665
12500.000000	-63.467287
12512.500000	-64.206216
12525.000000	-64.395357
12537.500000	-64.008154
12550.000000	-63.585242
12562.500000	-62.110248
12575.000000	-60.601564
12587.500000	-60.056805
12600.000000	-59.685360
12612.500000	-59.809148
12625.000000	-60.218984
12637.500000	-60.429780
12650.000000	-61.105106
12662.500000	-61.167039
12675.000000	-59.968746
12687.500000	-59.400746
12700.000000	-59.865807
12712.500000	-60.755934
12725.000000	-61.312326
12737.500000	-61.267787
12750.000000	-61.065598
12762.500000	-60.833882
12775.000000	-60.212585
12787.500000	-60.140685
12800.000000	-60.960438
12812.500000	-62.146683
12825.000000	-62.146533
12837.500000	-60.556991
12850.000000	-59.141676
12862.500000	-58.906990
12875.000000	-59.609373
12887.500000	-60.475249
12900.000000	-61.349703
12912.500000	-61.957700
12925.000000	-61.895204
12937.500000	-61.558144
12950.000000	-60.237291
12962.500000	-58.527584
12975.000000	-58.587863
12987.500000	-60.292063
13000.000000	-61.118901
13012.500000	-61.743197
13025.000000	-64.307801
13037.500000	-63.818054
13050.000000	-61.314950
13062.500000	-61.027741
13075.000000	-60.846065
13087.500000	-60.663012
13100.000000	-60.234324
13112.500000	-59.418100
13125.000000	-59.641094
13137.500000	-61.056330
13150.000000	-61.784276
13162.500000	-61.053831
13175.000000	-59.946587
13187.500000	-59.218052
13200.000000	-59.259564
13212.500000	-59.307723
13225.000000	-59.631332
13237.500000	-60.917559
13250.000000	-61.559474
13262.500000	-61.518845
13275.000000	-61.669466
13287.500000	-62.333017
13300.000000	-62.115621
13312.500000	-60.593069
13325.000000	-59.868817
13337.500000	-60.848834
13350.000000	-62.763953
13362.500000	-63.047370
13375.000000	-62.684372
13387.500000	-62.447044
13400.000000	-61.818824
13412.500000	-61.478171
13425.000000	-61.444880
13437.500000	-61.480183
13450.000000	-61.105887
13462.500000	-60.482600
13475.000000	-60.789710
13487.500000	-61.707977
13500.000000	-62.369289
13512.500000	-62.080348
13525.000000	-61.036313
13537.500000	-61.163319
13550.000000	-62.562777
13562.500000	-63.990540
13575.000000	-63.792258
13587.500000	-62.663374
13600.000000	-61.571289
13612.500000	-60.352054
13625.000000	-59.664784
13637.500000	-59.861717
13650.000000	-60.845339
13662.500000	-61.066891
13675.000000	-59.421708
13687.500000	-58.052558
13700.000000	-57.949571
13712.500000	-58.541139
13725.000000	-59.344697
13737.500000	-60.363085
13750.000000	-61.516376
13762.500000	-62.532101
13775.000000	-61.811955
13787.500000	-60.650536
13800.000000	-60.089909
13812.500000	-59.871441
13825.000000	-59.539370
13837.500000	-59.510745
13850.000000	-60.379902
13862.500000	-61.318311
13875.000000	-61.474300
13887.500000	-60.051280
13900.000000	-59.209055
13912.500000	-60.237985
13925.000000	-61.167688
13937.500000	-61.379820
13950.000000	-62.175467
13962.500000	-62.378362
13975.000000	-62.032382
13987.500000	-62.347010
14000.000000	-62.330448
14012.500000	-62.148346
14025.000000	-61.862442
14037.500000	-60.196110
14050.000000	-59.152037
14062.500000	-59.655083
14075.000000	-61.020004
14087.500000	-61.817518
14100.000000	-62.203072
14112.500000	-63.014573
14125.000000	-63.417247
14137.500000	-62.539535
14150.000000	-61.623153
14162.500000	-60.988558
14175.000000	-59.959300
14187.500000	-59.774476
14200.000000	-60.866479
14212.500000	-62.321437
14225.000000	-63.507987
14237.500000	-63.591063
14250.000000	-61.659479
14262.500000	-60.431699
14275.000000	-60.353637
14287.500000	-60.428260
14300.000000	-60.039657
14312.500000	-59.336644
14325.000000	-58.685077
14337.500000	-58.845847
14350.000000	-59.367778
14362.500000	-59.167311
14375.000000	-59.541156
14387.500000	-60.818764
14400.000000	-61.279724
14412.500000	-60.472871
14425.000000	-59.914983
14437.500000	-60.605979
14450.000000	-61.693568
14462.500000	-62.343212
14475.000000	-63.144267
14487.500000	-63.846794
14500.000000	-61.541820
14512.500000	-59.080817
14525.000000	-58.865911
14537.500000	-60.201283
14550.000000	-62.300640
14562.500000	-62.465308
14575.000000	-60.598099
14587.500000	-59.781346
14600.000000	-59.861245
14612.500000	-59.394579
14625.000000	-59.062262
14637.500000	-60.007018
14650.000000	-61.515462
14662.500000	-62.021292
14675.000000	-60.805968
14687.500000	-59.215135
14700.000000	-59.082328
14712.500000	-60.350803
14725.000000	-61.898643
14737.500000	-62.894412
14750.000000	-63.310804
14762.500000	-63.138258
14775.000000	-62.841867
14787.500000	-62.755013
14800.000000	-63.014102
14812.500000	-63.658147
14825.000000	-63.751508
14837.500000	-62.497924
14850.000000	-61.498219
14862.500000	-61.082777
14875.000000	-60.502422
14887.500000	-59.942210
14900.000000	-59.466512
14912.500000	-59.236842
14925.000000	-59.107503
14937.500000	-59.182954
14950.000000	-59.921189
14962.500000	-60.793443
14975.000000	-60.638003
14987.500000	-60.408735
15000.000000	-60.853394
15012.500000	-60.877717
15025.000000	-60.288171
15037.500000	-60.524342
15050.000000	-61.709441
15062.500000	-63.070118
15075.000000	-63.760272
15087.500000	-63.391567
15100.000000	-63.117635
15112.500000	-63.242700
15125.000000	-62.737841
15137.500000	-62.039157
15150.000000	-62.591835
15162.500000	-63.578419
15175.000000	-62.348920
15187.500000	-61.744858
15200.000000	-63.008344
15212.500000	-63.105436
15225.000000	-62.142196
15237.500000	-62.272013
15250.000000	-63.434423
15262.500000	-63.635464
15275.000000	-62.928624
15287.500000	-62.492491
15300.000000	-60.900124
15312.500000	-59.864630
15325.000000	-60.631842
15337.500000	-62.644150
15350.000000	-63.546235
15362.500000	-61.788573
15375.000000	-61.064575
15387.500000	-62.209825
15400.000000	-63.687689
15412.500000	-64.278863
15425.000000	-64.138639
15437.500000	-63.517655
15450.000000	-62.451377
15462.500000	-61.497577
15475.000000	-60.878772
15487.500000	-60.667263
15500.000000	-61.039120
15512.500000	-61.589890
15525.000000	-62.206067
15537.500000	-62.176235
15550.000000	-61.478234
15562.500000	-60.734693
15575.000000	-60.556652
15587.500000	-61.690976
15600.000000	-63.402633
15612.500000	-62.801971
15625.000000	-60.573884
15637.500000	-58.799694
15650.000000	-58.410095
15662.500000	-59.988858
15675.000000	-62.787142
15687.500000	-64.332487
15700.000000	-64.947142
15712.500000	-63.998886
15725.000000	-62.178093
15737.500000	-61.575641
15750.000000	-62.233628
15762.500000	-62.768765
15775.000000	-61.282273
15787.500000	-59.960546
15800.000000	-60.411214
15812.500000	-61.622692
15825.000000	-61.976830
15837.500000	-62.128096
15850.000000	-61.647207
15862.500000	-60.761175
15875.000000	-60.479700
15887.500000	-60.051966
15900.000000	-58.698751
15912.500000	-57.615677
15925.000000	-57.778679
15937.500000	-59.248378
15950.000000	-61.571384
15962.500000	-62.639864
15975.000000	-62.050111
15987.500000	-61.545369
16000.000000	-61.250074
16012.500000	-61.867471
16025.000000	-61.927485
16037.500000	-60.283664
16050.000000	-59.589587
16062.500000	-59.724743
16075.000000	-59.569616
16087.500000	-59.024933
16100.000000	-58.807340
16112.500000	-59.479838
16125.000000	-59.729292
16137.500000	-58.800208
16150.000000	-58.525390
16162.500000	-59.626405
16175.000000	-61.211517
16187.500000	-62.005486
16200.000000	-61.737370
16212.500000	-60.913016
16225.000000	-61.088692
16237.500000	-63.037049
16250.000000	-64.060999
16262.500000	-62.659409
16275.000000	-62.788146
16287.500000	-63.702976
16300.000000	-62.912385
16312.500000	-62.359407
16325.000000	-62.311374
16337.500000	-62.105641
16350.000000	-62.124747
16362.500000	-62.624602
16375.000000	-63.314616
16387.500000	-63.863373
16400.000000	-63.211183
16412.500000	-62.594258
16425.000000	-63.442777
16437.500000	-63.930208
16450.000000	-63.023545
16462.500000	-62.299815
16475.000000	-62.642639
16487.500000	-63.210492
16500.000000	-62.595821
16512.500000	-61.957897
16525.000000	-62.223710
16537.500000	-62.024303
16550.000000	-60.767585
16562.500000	-60.754568
16575.000000	-62.097312
16587.500000	-62.237352
16600.000000	-61.423973
16612.500000	-61.961092
16625.000000	-62.421064
16637.500000	-60.814305
16650.000000	-59.387554
16662.500000	-59.346848
16675.000000	-59.920308
16687.500000	-60.565092
16700.000000	-61.612433
16712.500000	-62.357323
16725.000000	-61.241523
16737.500000	-58.968971
16750.000000	-58.320222
16762.500000	-59.978484
16775.000000	-62.501915
16787.500000	-62.153764
16800.000000	-60.923943
16812.500000	-61.471387
16825.000000	-63.156025
16837.500000	-63.518389
16850.000000	-61.259828
16862.500000	-60.045937
16875.000000	-60.965759
16887.500000	-62.642835
16900.000000	-63.147227
16912.500000	-61.992226
16925.000000	-60.688300
16937.500000	-60.126555
16950.000000	-59.840710
16962.500000	-60.041520
16975.000000	-60.929130
16987.500000	-61.395212
17000.000000	-61.100260
17012.500000	-60.970241
17025.000000	-60.505911
17037.500000	-59.572338
17050.000000	-59.004282
17062.500000	-59.329590
17075.000000	-60.639769
17087.500000	-62.178646
17100.000000	-62.330608
17112.500000	-61.959267
17125.000000	-62.442769
17137.500000	-62.617989
17150.000000	-60.982552
17162.500000	-59.733075
17175.000000	-60.249831
17187.500000	-61.402074
17200.000000	-61.386961
17212.500000	-60.700046
17225.000000	-60.376724
17237.500000	-60.790507
17250.000000	-60.774713
17262.500000	-60.344032
17275.000000	-61.154912
17287.500000	-62.873729
17300.000000	-61.765648
17312.500000	-60.083819
17325.000000	-60.048136
17337.500000	-60.120167
17350.000000	-60.017326
17362.500000	-61.204802
17375.000000	-62.125640
17387.500000	-61.403014
17400.000000	-60.506714
17412.500000	-60.477587
17425.000000	-61.509180
17437.500000	-62.379274
17450.000000	-62.281095
17462.500000	-61.187493
17475.000000	-59.853362
17487.500000	-58.985823
17500.000000	-58.941091
17512.500000	-59.402668
17525.000000	-59.040645
17537.500000	-58.836619
17550.000000	-59.088909
17562.500000	-58.623725
17575.000000	-58.341903
17587.500000	-59.490421
17600.000000	-61.473493
17612.500000	-62.529233
17625.000000	-62.562011
17637.500000	-61.968255
17650.000000	-61.774918
17662.500000	-61.659629
17675.000000	-60.482109
17687.500000	-59.609152
17700.000000	-60.319290
17712.500000	-61.795012
17725.000000	-61.783790
17737.500000	-61.640898
17750.000000	-62.825886
17762.500000	-63.757785
17775.000000	-63.094682
17787.500000	-60.990471
17800.000000	-59.049224
17812.500000	-58.490373
17825.000000	-59.253332
17837.500000	-60.511745
17850.000000	-60.807493
17862.500000	-60.280860
17875.000000	-60.092788
17887.500000	-60.988545
17900.000000	-62.299502
17912.500000	-62.155869
17925.000000	-61.430961
17937.500000	-61.581276
17950.000000	-62.830272
17962.500000	-62.974361
17975.000000	-61.099661
17987.500000	-59.474320
18000.000000	-59.103029
18012.500000	-59.711598
18025.000000	-60.315660
18037.500000	-60.646158
18050.000000	-60.635173
18062.500000	-60.799233
18075.000000	-61.898371
18087.500000	-62.943622
18100.000000	-63.749841
18112.500000	-64.963170
18125.000000	-62.528594
18137.500000	-60.010287
18150.000000	-59.550868
18162.500000	-60.338832
18175.000000	-60.881621
18187.500000	-60.993272
18200.000000	-61.016017
18212.500000	-59.796975
18225.000000	-59.091078
18237.500000	-60.729659
18250.000000	-63.323182
18262.500000	-62.272982
18275.000000	-60.687634
18287.500000	-59.930733
18300.000000	-59.689491
18312.500000	-60.168475
18325.000000	-60.036197
18337.500000	-58.820144
18350.000000	-58.654816
18362.500000	-59.746812
18375.000000	-61.100262
18387.500000	-62.315614
18400.000000	-62.278021
18412.500000	-61.619651
18425.000000	-61.570554
18437.500000	-61.500150
18450.000000	-61.210106
18462.500000	-61.323858
18475.000000	-62.033937
18487.500000	-62.760367
18500.000000	-61.845929
18512.500000	-60.237048
18525.000000	-59.885007
18537.500000	-61.032421
18550.000000	-62.862839
18562.500000	-63.765549
18575.000000	-62.995530
18587.500000	-62.621664
18600.000000	-62.731116
18612.500000	-62.786072
18625.000000	-63.128981
18637.500000	-63.430196
18650.000000	-62.999607
18662.500000	-62.765673
18675.000000	-63.225566
18687.500000	-63.656876
18700.000000	-64.063034
18712.500000	-63.361907
18725.000000	-62.264264
18737.500000	-62.071656
18750.000000	-62.995153
18762.500000	-63.975526
18775.000000	-63.172418
18787.500000	-62.496447
18800.000000	-63.376106
18812.500000	-64.086221
18825.000000	-62.533320
18837.500000	-61.280341
18850.000000	-60.690909
18862.500000	-59.891913
18875.000000	-58.816904
18887.500000	-58.038563
18900.000000	-58.198301
18912.500000	-59.418481
18925.000000	-60.943692
18937.500000	-60.156731
18950.000000	-58.609067
18962.500000	-58.620315
18975.000000	-59.511696
18987.500000	-60.085006
19000.000000	-59.887842
19012.500000	-59.556273
19025.000000	-60.024249
19037.500000	-61.746164
19050.000000	-64.104454
19062.500000	-64.956728
19075.000000	-64.395830
19087.500000	-64.223883
19100.000000	-64.069699
19112.500000	-63.851921
19125.000000	-62.949893
19137.500000	-60.801126
19150.000000	-59.669419
19162.500000	-59.636786
19175.000000	-59.243362
19187.500000	-59.381598
19200.000000	-60.590079
19212.500000	-61.762167
19225.000000	-62.119166
19237.500000	-60.739503
19250.000000	-59.967659
19262.500000	-61.507193
19275.000000	-63.077476
19287.500000	-62.539900
19300.000000	-62.634438
19312.500000	-62.005781
19325.000000	-60.880082
19337.500000	-60.620206
19350.000000	-60.963162
19362.500000	-60.949089
19375.000000	-60.686369
19387.500000	-61.200183
19400.000000	-61.888860
19412.500000	-61.553149
19425.000000	-60.609090
19437.500000	-60.266834
19450.000000	-60.812325
19462.500000	-61.552416
19475.000000	-62.085489
19487.500000	-63.223511
19500.000000	-64.183391
19512.500000	-62.594636
19525.000000	-62.715480
19537.500000	-64.298387
19550.000000	-63.553519
19562.500000	-62.150313
19575.000000	-61.533188
19587.500000	-61.382335
19600.000000	-60.994288
19612.500000	-60.256229
19625.000000	-59.848979
19637.500000	-60.098382
19650.000000	-60.226580
19662.500000	-59.611053
19675.000000	-58.794458
19687.500000	-58.534366
19700.000000	-59.051147
19712.500000	-59.622229
19725.000000	-59.220909
19737.500000	-58.424786
19750.000000	-58.616078
19762.500000	-59.961601
19775.000000	-61.196791
19787.500000	-62.077559
19800.000000	-63.009109
19812.500000	-62.438866
19825.000000	-61.542590
19837.500000	-61.106260
19850.000000	-61.336176
19862.500000	-61.909814
19875.000000	-62.192245
19887.500000	-62.590513
19900.000000	-62.860679
19912.500000	-62.671670
19925.000000	-62.905229
19937.500000	-62.480874
19950.000000	-60.463034
19962.500000	-55.717169
19975.000000	-48.424911
19987.500000	-43.317244
20000.000000	-41.784767
20012.500000	-43.984542
20025.000000	-49.867185
20037.500000	-57.217705
20050.000000	-58.928357
20062.500000	-58.640916
20075.000000	-58.713266
20087.500000	-59.264699
20100.000000	-61.379464
20112.500000	-63.673389
20125.000000	-63.184099
20137.500000	-63.105208
20150.000000	-63.460726
20162.500000	-63.412935
20175.000000	-63.200729
20187.500000	-62.457955
20200.000000	-61.622444
20212.500000	-61.916362
20225.000000	-62.568799
20237.500000	-62.114680
20250.000000	-61.564704
20262.500000	-61.338279
20275.000000	-60.868081
20287.500000	-59.940735
20300.000000	-59.176778
20312.500000	-59.410826
20325.000000	-60.411571
20337.500000	-60.221851
20350.000000	-59.060433
20362.500000	-58.284257
20375.000000	-58.338073
20387.500000	-59.800301
20400.000000	-62.287760
20412.500000	-63.592983
20425.000000	-62.252228
20437.500000	-59.697471
20450.000000	-58.726396
20462.500000	-59.582545
20475.000000	-61.400774
20487.500000	-62.944359
20500.000000	-62.542005
20512.500000	-61.909135
20525.000000	-62.687801
20537.500000	-63.431944
20550.000000	-63.252082
20562.500000	-64.704775
20575.000000	-65.262032
20587.500000	-62.854110
20600.000000	-62.283186
20612.500000	-62.457258
20625.000000	-62.028797
20637.500000	-61.567318
20650.000000	-61.486967
20662.500000	-62.535610
20675.000000	-64.534904
20687.500000	-63.606713
20700.000000	-61.143798
20712.500000	-61.361694
20725.000000	-63.365514
20737.500000	-63.819418
20750.000000	-62.784067
20762.500000	-62.080019
20775.000000	-62.444160
20787.500000	-62.411514
20800.000000	-60.819469
20812.500000	-59.574835
20825.000000	-59.177069
20837.500000	-59.141139
20850.000000	-59.339297
20862.500000	-59.628255
20875.000000	-59.858805
20887.500000	-60.421519
20900.000000	-61.038043
20912.500000	-59.898407
20925.000000	-58.572059
20937.500000	-58.334621
20950.000000	-59.115059
20962.500000	-60.427354
20975.000000	-60.557953
20987.500000	-60.851677
21000.000000	-61.475778
21012.500000	-60.499241
21025.000000	-59.301331
21037.500000	-58.500594
21050.000000	-58.147225
21062.500000	-58.599548
21075.000000	-59.626035
21087.500000	-60.286002
21100.000000	-61.073448
21112.500000	-62.035115
21125.000000	-62.627569
21137.500000	-63.424170
21150.000000	-64.225399
21162.500000	-64.332272
21175.000000	-64.106536
21187.500000	-63.968537
21200.000000	-62.443772
21212.500000	-59.959465
21225.000000	-58.685318
21237.500000	-59.443834
21250.000000	-61.428188
21262.500000	-61.926794
21275.000000	-60.332895
21287.500000	-58.995335
21300.000000	-58.252629
21312.500000	-58.091571
21325.000000	-58.714978
21337.500000	-59.331972
21350.000000	-60.206960
21362.500000	-61.563398
21375.000000	-61.391718
21387.500000	-60.464439
21400.000000	-60.707600
21412.500000	-60.829449
21425.000000	-60.642814
21437.500000	-61.390336
21450.000000	-62.468549
21462.500000	-62.602186
21475.000000	-62.422604
21487.500000	-61.750212
21500.000000	-60.514224
21512.500000	-59.728573
21525.000000	-59.741837
21537.500000	-60.722773
21550.000000	-62.004202
21562.500000	-63.162562
21575.000000	-63.982972
21587.500000	-64.137121
21600.000000	-63.831478
21612.500000	-62.611291
21625.000000	-61.772671
21637.500000	-61.852656
21650.000000	-61.958662
21662.500000	-61.897340
21675.000000	-62.639280
21687.500000	-62.987319
21700.000000	-61.886579
21712.500000	-60.509858
21725.000000	-60.047401
21737.500000	-60.578636
21750.000000	-60.666153
21762.500000	-60.392306
21775.000000	-61.314514
21787.500000	-62.793771
21800.000000	-62.477012
21812.500000	-61.474509
21825.000000	-61.097140
21837.500000	-60.427555
21850.000000	-59.932498
21862.500000	-60.230065
21875.000000	-61.093708
21887.500000	-61.070361
21900.000000	-60.650514
21912.500000	-61.163238
21925.000000	-61.011262
21937.500000	-60.422982
21950.000000	-60.594687
21962.500000	-61.277052
21975.000000	-61.852795
21987.500000	-62.243114
22000.000000	-62.522070
22012.500000	-62.171423
22025.000000	-61.516211
22037.500000	-61.196861
22050.000000	-60.705605
22062.500000	-60.201256
22075.000000	-60.911055
22087.500000	-62.029390
22100.000000	-61.372320
22112.500000	-60.702021
22125.000000	-61.157767
22137.500000	-61.504385
22150.000000	-60.815823
22162.500000	-60.780160
22175.000000	-61.805094
22187.500000	-63.235001
22200.000000	-64.085694
22212.500000	-63.663076
22225.000000	-62.661935
22237.500000	-62.573529
22250.000000	-62.324960
22262.500000	-61.178828
22275.000000	-60.746800
22287.500000	-60.900291
22300.000000	-61.035444
22312.500000	-60.896920
22325.000000	-60.665032
22337.500000	-60.657688
22350.000000	-60.900874
22362.500000	-61.644140
22375.000000	-61.325635
22387.500000	-59.600993
22400.000000	-59.027208
22412.500000	-59.851761
22425.000000	-59.997370
22437.500000	-59.418712
22450.000000	-59.646423
22462.500000	-60.215274
22475.000000	-60.501723
22487.500000	-60.952971
22500.000000	-61.398322
22512.500000	-61.205140
22525.000000	-60.222302
22537.500000	-59.338641
22550.000000	-58.892526
22562.500000	-58.845399
22575.000000	-59.286790
22587.500000	-59.842214
22600.000000	-60.265847
22612.500000	-60.801348
22625.000000	-61.408700
22637.500000	-61.504878
22650.000000	-60.627849
22662.500000	-59.587545
22675.000000	-59.549422
22687.500000	-60.135138
22700.000000	-60.411255
22712.500000	-60.384997
22725.000000	-60.571228
22737.500000	-62.121660
22750.000000	-63.872628
22762.500000	-62.957740
22775.000000	-63.037545
22787.500000	-64.647960
22800.000000	-63.984603
22812.500000	-62.508598
22825.000000	-62.391760
22837.500000	-61.726115
22850.000000	-60.107139
22862.500000	-59.153964
22875.000000	-59.676524
22887.500000	-61.795854
22900.000000	-64.071307
22912.500000	-63.548453
22925.000000	-61.826643
22937.500000	-59.987973
22950.000000	-58.962313
22962.500000	-59.035860
22975.000000	-59.509824
22987.500000	-60.098751
23000.000000	-60.719168
23012.500000	-61.359935
23025.000000	-61.777864
23037.500000	-61.967392
23050.000000	-61.287592
23062.500000	-59.649323
23075.000000	-58.919945
23087.500000	-59.219141
23100.000000	-58.844655
23112.500000	-58.243644
23125.000000	-58.222187
23137.500000	-58.015884
23150.000000	-57.943524
23162.500000	-58.701891
23175.000000	-60.209186
23187.500000	-61.957654
23200.000000	-62.347959
23212.500000	-61.541306
23225.000000	-61.198919
23237.500000	-61.107307
23250.000000	-60.848303
23262.500000	-60.855423
23275.000000	-60.701603
23287.500000	-60.773188
23300.000000	-60.799806
23312.500000	-59.465661
23325.000000	-57.497008
23337.500000	-56.313381
23350.000000	-56.455403
23362.500000	-57.837592
23375.000000	-59.417792
23387.500000	-60.239321
23400.000000	-61.588085
23412.500000	-63.261210
23425.000000	-62.849142
23437.500000	-63.921490
23450.000000	-66.459772
23462.500000	-63.708813
23475.000000	-61.691038
23487.500000	-61.475543
23500.000000	-61.071243
23512.500000	-59.508090
23525.000000	-58.833422
23537.500000	-59.643620
23550.000000	-60.414901
23562.500000	-59.904920
23575.000000	-58.805321
23587.500000	-58.638929
23600.000000	-59.863130
23612.500000	-61.283160
23625.000000	-62.324328
23637.500000	-63.422859
23650.000000	-63.440699
23662.500000	-61.907299
23675.000000	-60.509559
23687.500000	-60.175782
23700.000000	-60.693021
23712.500000	-61.688768
23725.000000	-62.737656
23737.500000	-63.151238
23750.000000	-62.682194
23762.500000	-61.741591
23775.000000	-61.113006
23787.500000	-61.173485
23800.000000	-60.938425
23812.500000	-60.073375
23825.000000	-59.966206
23837.500000	-61.262233
23850.000000	-62.801121
23862.500000	-63.278865
23875.000000	-62.519412
23887.500000	-61.803480
23900.000000	-61.520069
23912.500000	-60.590367
23925.000000	-60.037561
23937.500000	-59.608890
23950.000000	-59.115505
23962.500000	-59.254673
23975.000000	-59.831709
23987.500000	-60.486159
24000.000000	-60.853918
24012.500000	-60.651648
24025.000000	-59.195866
24037.500000	-57.982506
24050.000000	-58.398472
24062.500000	-60.349192
24075.000000	-62.744853
24087.500000	-64.501300
24100.000000	-65.713077
24112.500000	-66.782952
24125.000000	-66.377793
24137.500000	-64.755293
24150.000000	-63.960857
24162.500000	-63.642131
24175.000000	-62.257625
24187.500000	-61.292537
24200.000000	-61.457799
24212.500000	-61.690855
24225.000000	-61.910127
24237.500000	-63.029343
24250.000000	-64.084032
24262.500000	-63.132776
24275.000000	-61.822508
24287.500000	-61.617327
24300.000000	-61.758210
24312.500000	-61.460587
24325.000000	-61.607426
24337.500000	-61.207760
24350.000000	-61.079077
24362.500000	-62.446661
24375.000000	-62.705317
24387.500000	-60.821920
24400.000000	-59.148147
24412.500000	-58.247062
24425.000000	-58.029585
24437.500000	-58.290844
24450.000000	-58.983416
24462.500000	-60.330503
24475.000000	-60.573220
24487.500000	-59.391251
24500.000000	-59.633260
24512.500000	-61.319369
24525.000000	-62.728173
24537.500000	-63.443842
24550.000000	-63.086189
24562.500000	-61.460906
24575.000000	-60.640085
24587.500000	-61.346199
24600.000000	-61.992683
24612.500000	-60.984460
24625.000000	-60.654983
24637.500000	-60.953773
24650.000000	-60.538401
24662.500000	-59.983511
24675.000000	-60.293328
24687.500000	-61.172416
24700.000000	-61.163744
24712.500000	-60.792218
24725.000000	-60.936888
24737.500000	-62.282011
24750.000000	-63.768128
24762.500000	-63.720266
24775.000000	-63.386583
24787.500000	-62.660120
24800.000000	-61.131248
24812.500000	-60.880036
24825.000000	-61.525403
24837.500000	-60.432268
24850.000000	-59.553845
24862.500000	-59.935118
24875.000000	-60.905835
24887.500000	-60.748836
24900.000000	-59.804962
24912.500000	-59.519688
24925.000000	-59.722214
24937.500000	-60.234087
24950.000000	-60.616303
24962.500000	-59.302159
24975.000000	-58.807677
24987.500000	-60.845957
25000.000000	-64.245555
25012.500000	-62.892867
25025.000000	-60.425742
25037.500000	-60.596377
25050.000000	-61.807368
25062.500000	-62.503623
25075.000000	-62.862200
25087.500000	-63.053979
25100.000000	-62.834889
25112.500000	-61.411203
25125.000000	-60.053623
25137.500000	-59.988389
25150.000000	-61.207893
25162.500000	-61.618907
25175.000000	-60.782957
25187.500000	-60.220254
25200.000000	-59.584596
25212.500000	-59.557096
25225.000000	-61.249381
25237.500000	-63.766266
25250.000000	-63.461901
25262.500000	-62.511929
25275.000000	-62.237573
25287.500000	-61.618824
25300.000000	-61.901105
25312.500000	-62.844798
25325.000000	-62.585634
25337.500000	-62.119022
25350.000000	-61.816982
25362.500000	-61.632897
25375.000000	-62.641075
25387.500000	-64.123676
25400.000000	-62.780609
25412.500000	-61.144401
25425.000000	-60.806871
25437.500000	-60.923359
25450.000000	-60.478666
25462.500000	-59.514187
25475.000000	-59.008199
25487.500000	-59.750467
25500.000000	-61.856586
25512.500000	-63.129946
25525.000000	-62.065496
25537.500000	-60.410257
25550.000000	-59.839622
25562.500000	-60.794443
25575.000000	-61.999031
25587.500000	-62.051682
25600.000000	-60.967634
25612.500000	-59.449777
25625.000000	-57.967234
25637.500000	-56.883740
25650.000000	-56.575860
25662.500000	-57.511815
25675.000000	-59.660204
25687.500000	-62.086843
25700.000000	-63.152403
25712.500000	-62.348285
25725.000000	-61.513163
25737.500000	-61.223776
25750.000000	-61.621574
25762.500000	-62.179529
25775.000000	-62.771693
25787.500000	-63.208089
25800.000000	-61.106544
25812.500000	-59.844341
25825.000000	-60.694931
25837.500000	-62.124904
25850.000000	-62.347049
25862.500000	-61.376758
25875.000000	-60.471840
25887.500000	-60.081361
25900.000000	-60.660601
25912.500000	-62.165289
25925.000000	-63.072583
25937.500000	-62.348122
25950.000000	-61.380594
25962.500000	-61.124870
25975.000000	-60.807435
25987.500000	-60.172888
26000.000000	-60.012065
26012.500000	-60.798657
26025.000000	-62.529618
26037.500000	-64.081225
26050.000000	-63.273740
26062.500000	-62.661664
26075.000000	-62.684921
26087.500000	-61.761456
26100.000000	-61.196005
26112.500000	-61.240379
26125.000000	-61.425342
26137.500000	-61.482223
26150.000000	-61.021119
26162.500000	-60.630217
26175.000000	-60.967923
26187.500000	-61.973401
26200.000000	-62.693753
26212.500000	-61.622923
26225.000000	-60.058706
26237.500000	-59.578264
26250.000000	-60.479124
26262.500000	-62.127140
26275.000000	-63.186151
26287.500000	-63.717000
26300.000000	-63.385381
26312.500000	-62.585496
26325.000000	-62.822719
26337.500000	-63.417117
26350.000000	-63.948744
26362.500000	-64.320145
26375.000000	-62.722907
26387.500000	-61.488706
26400.000000	-61.861556
26412.500000	-62.260307
26425.000000	-61.403132
26437.500000	-59.794417
26450.000000	-59.164624
26462.500000	-59.517395
26475.000000	-60.030567
26487.500000	-60.673297
26500.000000	-61.436044
26512.500000	-61.338229
26525.000000	-60.392830
26537.500000	-60.057140
26550.000000	-61.036727
26562.500000	-61.385106
26575.000000	-60.293643
26587.500000	-60.445166
26600.000000	-61.835735
26612.500000	-62.416044
26625.000000	-61.225916
26637.500000	-59.349771
26650.000000	-58.528680
26662.500000	-59.419081
26675.000000	-61.621492
26687.500000	-63.038248
26700.000000	-61.851319
26712.500000	-60.491699
26725.000000	-60.336552
26737.500000	-61.865844
26750.000000	-63.779887
26762.500000	-64.576817
26775.000000	-64.778432
26787.500000	-63.551961
26800.000000	-61.674887
26812.500000	-60.314752
26825.000000	-59.708021
26837.500000	-59.223592
26850.000000	-58.363714
26862.500000	-58.103819
26875.000000	-58.682646
26887.500000	-59.786448
26900.000000	-60.250067
26912.500000	-59.390353
26925.000000	-59.069095
26937.500000	-60.060659
26950.000000	-60.911745
26962.500000	-61.052614
26975.000000	-61.485740
26987.500000	-62.327391
27000.000000	-63.111373
27012.500000	-62.495158
27025.000000	-61.370503
27037.500000	-60.954960
27050.000000	-61.442607
27062.500000	-62.286676
27075.000000	-63.721132
27087.500000	-64.494592
27100.000000	-61.129476
27112.500000	-59.246999
27125.000000	-59.776689
27137.500000	-61.330885
27150.000000	-62.325449
27162.500000	-62.730692
27175.000000	-62.017256
27187.500000	-61.789904
27200.000000	-63.585956
27212.500000	-63.915460
27225.000000	-61.762855
27237.500000	-60.582167
27250.000000	-60.419706
27262.500000	-60.771201
27275.000000	-61.261863
27287.500000	-61.192341
27300.000000	-60.163490
27312.500000	-58.758613
27325.000000	-57.458597
27337.500000	-56.983051
27350.000000	-58.187068
27362.500000	-60.511930
27375.000000	-60.936880
27387.500000	-60.087525
27400.000000	-60.308650
27412.500000	-61.293479
27425.000000	-61.660445
27437.500000	-61.489489
27450.000000	-61.784683
27462.500000	-62.898177
27475.000000	-63.770292
27487.500000	-62.338917
27500.000000	-60.696556
27512.500000	-61.098378
27525.000000	-62.644358
27537.500000	-62.674330
27550.000000	-62.379904
27562.500000	-62.087080
27575.000000	-61.114955
27587.500000	-60.175574
27600.000000	-59.847215
27612.500000	-60.519285
27625.000000	-61.682922
27637.500000	-62.140917
27650.000000	-60.917674
27662.500000	-59.293443
27675.000000	-58.791450
27687.500000	-59.299543
27700.000000	-60.057296
27712.500000	-60.645497
27725.000000	-61.600035
27737.500000	-62.010508
27750.000000	-60.748342
27762.500000	-60.143656
27775.000000	-60.396916
27787.500000	-60.660450
27800.000000	-60.939897
27812.500000	-61.407626
27825.000000	-61.998076
27837.500000	-63.392009
27850.000000	-65.547388
27862.500000	-65.345766
27875.000000	-62.959657
27887.500000	-61.165499
27900.000000	-60.384176
27912.500000	-60.470532
27925.000000	-61.562743
27937.500000	-63.236522
27950.000000	-63.840628
27962.500000	-62.668999
27975.000000	-62.283651
27987.500000	-63.547960
28000.000000	-64.004396
28012.500000	-62.720897
28025.000000	-61.706081
28037.500000	-61.585823
28050.000000	-61.633914
28062.500000	-60.291894
28075.000000	-59.238070
28087.500000	-59.565239
28100.000000	-60.369228
28112.500000	-60.196259
28125.000000	-59.348642
28137.500000	-59.063475
28150.000000	-60.236417
28162.500000	-62.527141
28175.000000	-62.173953
28187.500000	-60.614420
28200.000000	-60.446514
28212.500000	-60.665991
28225.000000	-60.908599
28237.500000	-61.208524
28250.000000	-60.894487
28262.500000	-59.848703
28275.000000	-59.415127
28287.500000	-59.645106
28300.000000	-59.878692
28312.500000	-60.596581
28325.000000	-62.478113
28337.500000	-63.560832
28350.000000	-63.123143
28362.500000	-62.770693
28375.000000	-62.616571
28387.500000	-62.593063
28400.000000	-63.223681
28412.500000	-63.981097
28425.000000	-62.678012
28437.500000	-61.483331
28450.000000	-61.480651
28462.500000	-62.232132
28475.000000	-62.224970
28487.500000	-60.923009
28500.000000	-60.850751
28512.500000	-61.769406
28525.000000	-62.063306
28537.500000	-62.201296
28550.000000	-61.759429
28562.500000	-61.216667
28575.000000	-61.308711
28587.500000	-62.271444
28600.000000	-63.137232
28612.500000	-62.767556
28625.000000	-62.781028
28637.500000	-63.008555
28650.000000	-62.620115
28662.500000	-61.293390
28675.000000	-60.243742
28687.500000	-60.512907
28700.000000	-60.904417
28712.500000	-60.622292
28725.000000	-60.505726
28737.500000	-60.677491
28750.000000	-60.708813
28762.500000	-60.192146
28775.000000	-59.748906
28787.500000	-60.210554
28800.000000	-61.354681
28812.500000	-62.212800
28825.000000	-61.690260
28837.500000	-60.914544
28850.000000	-60.788048
28862.500000	-61.018655
28875.000000	-61.374281
28887.500000	-61.474294
28900.000000	-61.547116
28912.500000	-62.638602
28925.000000	-63.651874
28937.500000	-62.961639
28950.000000	-62.435240
28962.500000	-62.260737
28975.000000	-61.549443
28987.500000	-60.471746
29000.000000	-60.020398
29012.500000	-60.885217
29025.000000	-62.168579
29037.500000	-61.732480
29050.000000	-60.242870
29062.500000	-59.655942
29075.000000	-60.295516
29087.500000	-62.157781
29100.000000	-64.425113
29112.500000	-63.243278
29125.000000	-61.355237
29137.500000	-60.686849
29150.000000	-60.948890
29162.500000	-60.628818
29175.000000	-59.710741
29187.500000	-59.477393
29200.000000	-59.827957
29212.500000	-59.968563
29225.000000	-60.053038
29237.500000	-60.416634
29250.000000	-60.569077
29262.500000	-59.980612
29275.000000	-59.734964
29287.500000	-60.838767
29300.000000	-62.641358
29312.500000	-62.757577
29325.000000	-62.288034
29337.500000	-62.605876
29350.000000	-62.871101
29362.500000	-61.484040
29375.000000	-60.023164
29387.500000	-60.038992
29400.000000	-60.890988
29412.500000	-61.535420
29425.000000	-61.399297
29437.500000	-60.894597
29450.000000	-61.222159
29462.500000	-62.151158
29475.000000	-62.074278
29487.500000	-62.198858
29500.000000	-63.433509
29512.500000	-62.558154
29525.000000	-60.232904
29537.500000	-58.827365
29550.000000	-58.651580
29562.500000	-59.924532
29575.000000	-61.396748
29587.500000	-61.264555
29600.000000	-60.656047
29612.500000	-60.251607
29625.000000	-60.697142
29637.500000	-61.844277
29650.000000	-61.848963
29662.500000	-61.031731
29675.000000	-60.834787
29687.500000	-61.561530
29700.000000	-62.372692
29712.500000	-62.270051
29725.000000	-61.428782
29737.500000	-60.753869
29750.000000	-61.204986
29762.500000	-61.352931
29775.000000	-61.300236
29787.500000	-61.937157
29800.000000	-62.675147
29812.500000	-62.092173
29825.000000	-61.408012
29837.500000	-62.334120
29850.000000	-63.376117
29862.500000	-62.509446
29875.000000	-61.496333
29887.500000	-61.841467
29900.000000	-62.158156
29912.500000	-61.801494
29925.000000	-61.482481
29937.500000	-60.679275
29950.000000	-60.364049
29962.500000	-57.727121
29975.000000	-49.187932
29987.500000	-43.627585
30000.000000	-41.988545
30012.500000	-44.214509
30025.000000	-50.369403
30037.500000	-57.610108
30050.000000	-58.259845
30062.500000	-58.080439
30075.000000	-58.234443
30087.500000	-59.048147
30100.000000	-61.249411
30112.500000	-63.359277
30125.000000	-63.254312
30137.500000	-63.201904
30150.000000	-62.858605
30162.500000	-63.032501
30175.000000	-64.026131
30187.500000	-63.349517
30200.000000	-61.766010
30212.500000	-60.825345
30225.000000	-60.752052
30237.500000	-60.609095
30250.000000	-59.495868
30262.500000	-58.086552
30275.000000	-57.492004
30287.500000	-58.519502
30300.000000	-60.651951
30312.500000	-60.670763
30325.000000	-58.783567
30337.500000	-58.006333
30350.000000	-58.919740
30362.500000	-60.656711
30375.000000	-61.800967
30387.500000	-62.406021
30400.000000	-62.496375
30412.500000	-62.963559
30425.000000	-62.238953
30437.500000	-60.161837
30450.000000	-59.289802
30462.500000	-59.861531
30475.000000	-60.931804
30487.500000	-61.475200
30500.000000	-61.917406
30512.500000	-62.020541
30525.000000	-61.256372
30537.500000	-60.451918
30550.000000	-60.224588
30562.500000	-60.958523
30575.000000	-61.592020
30587.500000	-60.790493
30600.000000	-59.811321
30612.500000	-59.294534
30625.000000	-59.012001
30637.500000	-59.388128
30650.000000	-60.912398
30662.500000	-62.469932
30675.000000	-62.417230
30687.500000	-62.666092
30700.000000	-63.447430
30712.500000	-63.457995
30725.000000	-62.412517
30737.500000	-62.169866
30750.000000	-63.227763
30762.500000	-63.548562
30775.000000	-62.869444
30787.500000	-61.473943
30800.000000	-59.594189
30812.500000	-59.289178
30825.000000	-60.987525
30837.500000	-62.332633
30850.000000	-61.894200
30862.500000	-60.557853
30875.000000	-59.757633
30887.500000	-60.314869
30900.000000	-61.011179
30912.500000	-61.027481
30925.000000	-61.017732
30937.500000	-61.453344
30950.000000	-62.067266
30962.500000	-61.770189
30975.000000	-60.936880
30987.500000	-60.568320
31000.000000	-60.371714
31012.500000	-60.663766
31025.000000	-61.874634
31037.500000	-61.793569
31050.000000	-60.558672
31062.500000	-60.445566
31075.000000	-61.037759
31087.500000	-59.343542
31100.000000	-56.819517
31112.500000	-56.085179
31125.000000	-56.886108
31137.500000	-58.282163
31150.000000	-59.972076
31162.500000	-61.645889
31175.000000	-62.415494
31187.500000	-62.410331
31200.000000	-62.028394
31212.500000	-61.696789
31225.000000	-61.719426
31237.500000	-61.081105
31250.000000	-59.580422
31262.500000	-58.403212
31275.000000	-57.334604
31287.500000	-56.757800
31300.000000	-57.535703
31312.500000	-59.673509
31325.000000	-61.791018
31337.500000	-62.971160
31350.000000	-63.692932
31362.500000	-63.816668
31375.000000	-63.026242
31387.500000	-62.268842
31400.000000	-62.631225
31412.500000	-61.514014
31425.000000	-60.015028
31437.500000	-60.377789
31450.000000	-61.448506
31462.500000	-62.468270
31475.000000	-64.182417
31487.500000	-64.455452
31500.000000	-63.983630
31512.500000	-64.399002
31525.000000	-63.026236
31537.500000	-60.883547
31550.000000	-60.668805
31562.500000	-61.780940
31575.000000	-62.250058
31587.500000	-62.712393
31600.000000	-63.477866
31612.500000	-63.773611
31625.000000	-63.966208
31637.500000	-62.585574
31650.000000	-61.358910
31662.500000	-62.249802
31675.000000	-62.873530
31687.500000	-62.580187
31700.000000	-63.797465
31712.500000	-63.105346
31725.000000	-61.572709
31737.500000	-62.463092
31750.000000	-64.172865
31762.500000	-62.454609
31775.000000	-60.717802
31787.500000	-60.817198
31800.000000	-61.598582
31812.500000	-62.119182
31825.000000	-62.164222
31837.500000	-61.469116
31850.000000	-60.039453
31862.500000	-59.126733
31875.000000	-58.972893
31887.500000	-58.665170
31900.000000	-58.374372
31912.500000	-59.068933
31925.000000	-60.593635
31937.500000	-61.972144
31950.000000	-62.085994
31962.500000	-61.035282
31975.000000	-60.013762
31987.500000	-59.463827
32000.000000	-59.230867
32012.500000	-58.693287
32025.000000	-58.586747
32037.500000	-59.790811
32050.000000	-61.064653
32062.500000	-60.636075
32075.000000	-59.952841
32087.500000	-59.649885
32100.000000	-59.688435
32112.500000	-59.895832
32125.000000	-59.630554
32137.500000	-58.732044
32150.000000	-57.575779
32162.500000	-56.776935
32175.000000	-57.031863
32187.500000	-58.283098
32200.000000	-59.967246
32212.500000	-61.533629
32225.000000	-62.060737
32237.500000	-61.362802
32250.000000	-60.328861
32262.500000	-60.390115
32275.000000	-62.006817
32287.500000	-63.105143
32300.000000	-62.704500
32312.500000	-61.616866
32325.000000	-61.630755
32337.500000	-62.691509
32350.000000	-61.702472
32362.500000	-60.487545
32375.000000	-60.663825
32387.500000	-60.610549
32400.000000	-59.601039
32412.500000	-59.299804
32425.000000	-60.314045
32437.500000	-61.060452
32450.000000	-60.230938
32462.500000	-59.689819
32475.000000	-60.333739
32487.500000	-60.618870
32500.000000	-59.744970
32512.500000	-59.223300
32525.000000	-59.527000
32537.500000	-60.852917
32550.000000	-63.124679
32562.500000	-63.835815
32575.000000	-62.145030
32587.500000	-60.970967
32600.000000	-60.703770
32612.500000	-61.008602
32625.000000	-62.175603
32637.500000	-63.385282
32650.000000	-63.224761
32662.500000	-61.638409
32675.000000	-59.759009
32687.500000	-58.985103
32700.000000	-59.292086
32712.500000	-60.356451
32725.000000	-62.257404
32737.500000	-63.738191
32750.000000	-64.123602
32762.500000	-64.217803
32775.000000	-64.750970
32787.500000	-62.317792
32800.000000	-60.247338
32812.500000	-60.700916
32825.000000	-61.516476
32837.500000	-60.547522
32850.000000	-59.964319
32862.500000	-59.974349
32875.000000	-59.828195
32887.500000	-59.725795
32900.000000	-60.113234
32912.500000	-60.935563
32925.000000	-61.199110
32937.500000	-60.912824
32950.000000	-60.712277
32962.500000	-61.552188
32975.000000	-63.072486
32987.500000	-63.683842
33000.000000	-63.251459
33012.500000	-62.376660
33025.000000	-62.060821
33037.500000	-61.349026
33050.000000	-60.163595
33062.500000	-60.042553
33075.000000	-61.198166
33087.500000	-62.922183
33100.000000	-63.681924
33112.500000	-62.876569
33125.000000	-61.983976
33137.500000	-61.769672
33150.000000	-62.237734
33162.500000	-62.462214
33175.000000	-62.120272
33187.500000	-62.733085
33200.000000	-62.783577
33212.500000	-62.033486
33225.000000	-62.069681
33237.500000	-61.677191
33250.000000	-61.324088
33262.500000	-61.598248
33275.000000	-60.836294
33287.500000	-59.813248
33300.000000	-59.347542
33312.500000	-59.291424
33325.000000	-59.285951
33337.500000	-59.574652
33350.000000	-60.600095
33362.500000	-61.639059
33375.000000	-61.144465
33387.500000	-60.299177
33400.000000	-60.525365
33412.500000	-61.487220
33425.000000	-62.214703
33437.500000	-61.873225
33450.000000	-62.087858
33462.500000	-63.355624
33475.000000	-63.086241
33487.500000	-62.902356
33500.000000	-62.671972
33512.500000	-61.761902
33525.000000	-61.596016
33537.500000	-61.420915
33550.000000	-60.614583
33562.500000	-60.036626
33575.000000	-60.040867
33587.500000	-60.761367
33600.000000	-61.969065
33612.500000	-62.557792
33625.000000	-63.205265
33637.500000	-63.486376
33650.000000	-62.101564
33662.500000	-60.884901
33675.000000	-60.281947
33687.500000	-59.872736
33700.000000	-59.362778
33712.500000	-59.763719
33725.000000	-61.153850
33737.500000	-61.548798
33750.000000	-60.948448
33762.500000	-60.544992
33775.000000	-60.408394
33787.500000	-60.464491
33800.000000	-60.764065
33812.500000	-61.312770
33825.000000	-61.157675
33837.500000	-59.232480
33850.000000	-57.857488
33862.500000	-58.375253
33875.000000	-60.475252
33887.500000	-61.237576
33900.000000	-60.139788
33912.500000	-59.533384
33925.000000	-59.331583
33937.500000	-59.887326
33950.000000	-61.823033
33962.500000	-63.518412
33975.000000	-62.433932
33987.500000	-62.093617
34000.000000	-63.034142
34012.500000	-60.983665
34025.000000	-58.835020
34037.500000	-58.858687
34050.000000	-60.271450
34062.500000	-61.922699
34075.000000	-62.390788
34087.500000	-61.657951
34100.000000	-62.135362
34112.500000	-63.351483
34125.000000	-63.165475
34137.500000	-62.643788
34150.000000	-61.699202
34162.500000	-60.545919
34175.000000	-59.703719
34187.500000	-59.734920
34200.000000	-60.952873
34212.500000	-61.452053
34225.000000	-60.346435
34237.500000	-60.073620
34250.000000	-61.363305
34262.500000	-61.789885
34275.000000	-60.550694
34287.500000	-59.808041
34300.000000	-60.055174
34312.500000	-61.208212
34325.000000	-61.997518
34337.500000	-61.872796
34350.000000	-62.392455
34362.500000	-63.073470
34375.000000	-62.801304
34387.500000	-62.397131
34400.000000	-61.477497
34412.500000	-60.155217
34425.000000	-60.071350
34437.500000	-61.373318
34450.000000	-62.757549
34462.500000	-63.499522
34475.000000	-62.751587
34487.500000	-61.266355
34500.000000	-60.979064
34512.500000	-62.065205
34525.000000	-63.543904
34537.500000	-63.368528
34550.000000	-61.926610
34562.500000	-61.094391
34575.000000	-61.404010
34587.500000	-62.579011
34600.000000	-63.467398
34612.500000	-63.252438
34625.000000	-62.912253
34637.500000	-62.837571
34650.000000	-62.902506
34662.500000	-63.251801
34675.000000	-63.108120
34687.500000	-61.187394
34700.000000	-59.200116
34712.500000	-58.614495
34725.000000	-59.239120
34737.500000	-60.625614
34750.000000	-62.862684
34762.500000	-65.104368
34775.000000	-64.251226
34787.500000	-61.878326
34800.000000	-60.318482
34812.500000	-59.521076
34825.000000	-59.112012
34837.500000	-58.860049
34850.000000	-58.922488
34862.500000	-59.423450
34875.000000	-60.430463
34887.500000	-61.357525
34900.000000	-61.390211
34912.500000	-61.287126
34925.000000	-60.729504
34937.500000	-60.029024
34950.000000	-60.266133
34962.500000	-61.502668
34975.000000	-62.678905
34987.500000	-62.376909
35000.000000	-62.003733
35012.500000	-62.640109
35025.000000	-62.732873
35037.500000	-60.811487
35050.000000	-59.414625
35062.500000	-59.713555
35075.000000	-61.167295
35087.500000	-62.693243
35100.000000	-63.628088
35112.500000	-64.341432
35125.000000	-64.062346
35137.500000	-64.257069
35150.000000	-65.425924
35162.500000	-64.180037
35175.000000	-61.727294
35187.500000	-61.086309
35200.000000	-61.924613
35212.500000	-62.860329
35225.000000	-63.090056
35237.500000	-62.788797
35250.000000	-62.660819
35262.500000	-62.811907
35275.000000	-62.201036
35287.500000	-61.423357
35300.000000	-61.621801
35312.500000	-62.360146
35325.000000	-62.856950
35337.500000	-63.356046
35350.000000	-62.289624
35362.500000	-61.622962
35375.000000	-62.071700
35387.500000	-62.129796
35400.000000	-62.039021
35412.500000	-62.079437
35425.000000	-61.515181
35437.500000	-60.644153
35450.000000	-59.801627
35462.500000	-59.369507
35475.000000	-60.136172
35487.500000	-61.813730
35500.000000	-62.822518
35512.500000	-61.796618
35525.000000	-60.255353
35537.500000	-59.749702
35550.000000	-60.593613
35562.500000	-62.151533
35575.000000	-62.761623
35587.500000	-62.341520
35600.000000	-60.828748
35612.500000	-59.285437
35625.000000	-58.482526
35637.500000	-58.198445
35650.000000	-58.258970
35662.500000	-59.033360
35675.000000	-60.316050
35687.500000	-61.307648
35700.000000	-61.650176
35712.500000	-61.272802
35725.000000	-60.717642
35737.500000	-60.787893
35750.000000	-60.714016
35762.500000	-60.279474
35775.000000	-60.369255
35787.500000	-60.896705
35800.000000	-60.824899
35812.500000	-59.842877
35825.000000	-59.248741
35837.500000	-59.517735
35850.000000	-60.363661
35862.500000	-61.144010
35875.000000	-62.053122
35887.500000	-62.333555
35900.000000	-62.010215
35912.500000	-60.572759
35925.000000	-59.500000
35937.500000	-60.102115
35950.000000	-61.555326
35962.500000	-61.004026
35975.000000	-59.284034
35987.500000	-58.975147
36000.000000	-60.267003
36012.500000	-61.884134
36025.000000	-62.512286
36037.500000	-62.165869
36050.000000	-61.694425
36062.500000	-61.679066
36075.000000	-61.354673
36087.500000	-60.975736
36100.000000	-61.214118
36112.500000	-61.851799
36125.000000	-63.163523
36137.500000	-63.836033
36150.000000	-61.733126
36162.500000	-60.321653
36175.000000	-60.464316
36187.500000	-60.171122
36200.000000	-60.357211
36212.500000	-61.879486
36225.000000	-63.328213
36237.500000	-63.449820
36250.000000	-62.369539
36262.500000	-61.498021
36275.000000	-61.197353
36287.500000	-60.938568
36300.000000	-60.883301
36312.500000	-60.484399
36325.000000	-59.784451
36337.500000	-59.762919
36350.000000	-60.976087
36362.500000	-62.227352
36375.000000	-62.786160
36387.500000	-63.283481
36400.000000	-62.393950
36412.500000	-62.053884
36425.000000	-62.551626
36437.500000	-61.981082
36450.000000	-61.398691
36462.500000	-61.653900
36475.000000	-61.220630
36487.500000	-59.366276
36500.000000	-58.655342
36512.500000	-59.469728
36525.000000	-60.850234
36537.500000	-62.086104
36550.000000	-62.680316
36562.500000	-61.193864
36575.000000	-59.314027
36587.500000	-59.243214
36600.000000	-60.313656
36612.500000	-60.113603
36625.000000	-59.460501
36637.500000	-60.194893
36650.000000	-60.973560
36662.500000	-60.724596
36675.000000	-60.681280
36687.500000	-60.874777
36700.000000	-61.143338
36712.500000	-61.244643
36725.000000	-61.333863
36737.500000	-61.006626
36750.000000	-60.346884
36762.500000	-60.787477
36775.000000	-60.966437
36787.500000	-59.938992
36800.000000	-59.895138
36812.500000	-60.432615
36825.000000	-59.810834
36837.500000	-58.976457
36850.000000	-59.861325
36862.500000	-62.164183
36875.000000	-62.640037
36887.500000	-61.822099
36900.000000	-61.623047
36912.500000	-61.591853
36925.000000	-61.702108
36937.500000	-62.181993
36950.000000	-61.607236
36962.500000	-61.426414
36975.000000	-61.953009
36987.500000	-61.463303
37000.000000	-61.171940
37012.500000	-61.412557
37025.000000	-61.897711
37037.500000	-62.539393
37050.000000	-62.333940
37062.500000	-61.060309
37075.000000	-59.154637
37087.500000	-57.872538
37100.000000	-57.978694
37112.500000	-59.119895
37125.000000	-59.829505
37137.500000	-59.478539
37150.000000	-59.281178
37162.500000	-59.903245
37175.000000	-60.956806
37187.500000	-62.066150
37200.000000	-63.797475
37212.500000	-66.363503
37225.000000	-65.615165
37237.500000	-62.477256
37250.000000	-60.957101
37262.500000	-60.791452
37275.000000	-60.679767
37287.500000	-60.387233
37300.000000	-59.962426
37312.500000	-59.473334
37325.000000	-60.041993
37337.500000	-62.390936
37350.000000	-63.989467
37362.500000	-61.660044
37375.000000	-59.983720
37387.500000	-59.875295
37400.000000	-60.783441
37412.500000	-61.534124
37425.000000	-61.990766
37437.500000	-63.482608
37450.000000	-65.216288
37462.500000	-64.312767
37475.000000	-63.902177
37487.500000	-64.577293
37500.000000	-63.712597
37512.500000	-62.396161
37525.000000	-61.835391
37537.500000	-60.681365
37550.000000	-58.586108
37562.500000	-57.488940
37575.000000	-57.612948
37587.500000	-58.150920
37600.000000	-59.146374
37612.500000	-61.288168
37625.000000	-64.040755
37637.500000	-63.477262
37650.000000	-62.615847
37662.500000	-61.539415
37675.000000	-59.512575
37687.500000	-59.678778
37700.000000	-61.317513
37712.500000	-61.868206
37725.000000	-61.941371
37737.500000	-62.449131
37750.000000	-63.191332
37762.500000	-63.592319
37775.000000	-62.685307
37787.500000	-60.634661
37800.000000	-59.880479
37812.500000	-60.100145
37825.000000	-59.735434
37837.500000	-58.750444
37850.000000	-58.243275
37862.500000	-58.581788
37875.000000	-59.197959
37887.500000	-60.069386
37900.000000	-61.105871
37912.500000	-60.881131
37925.000000	-60.759459
37937.500000	-61.571024
37950.000000	-62.458326
37962.500000	-63.789421
37975.000000	-64.787084
37987.500000	-65.221393
38000.000000	-65.079302
38012.500000	-63.460539
38025.000000	-61.556936
38037.500000	-60.863716
38050.000000	-61.057936
38062.500000	-60.465227
38075.000000	-59.624046
38087.500000	-59.623207
38100.000000	-60.332385
38112.500000	-60.056370
38125.000000	-59.040507
38137.500000	-59.262213
38150.000000	-60.623788
38162.500000	-61.655669
38175.000000	-61.991034
38187.500000	-62.320483
38200.000000	-62.177699
38212.500000	-61.746595
38225.000000	-62.730059
38237.500000	-64.221934
38250.000000	-62.442398
38262.500000	-60.665397
38275.000000	-60.963668
38287.500000	-62.405021
38300.000000	-63.479010
38312.500000	-64.372304
38325.000000	-64.474229
38337.500000	-62.930810
38350.000000	-62.353314
38362.500000	-63.466560
38375.000000	-62.656044
38387.500000	-60.714118
38400.000000	-60.169485
38412.500000	-60.879846
38425.000000	-62.921402
38437.500000	-65.223199
38450.000000	-64.216842
38462.500000	-62.604988
38475.000000	-61.116109
38487.500000	-60.226212
38500.000000	-60.791085
38512.500000	-63.019924
38525.000000	-65.839042
38537.500000	-64.558111
38550.000000	-62.798409
38562.500000	-62.673723
38575.000000	-62.255166
38587.500000	-61.021935
38600.000000	-61.065083
38612.500000	-62.159566
38625.000000	-62.821539
38637.500000	-63.311263
38650.000000	-64.634497
38662.500000	-64.852739
38675.000000	-63.323340
38687.500000	-62.135559
38700.000000	-61.563696
38712.500000	-61.566222
38725.000000	-62.187099
38737.500000	-63.267467
38750.000000	-63.036173
38762.500000	-60.847599
38775.000000	-60.006052
38787.500000	-60.515981
38800.000000	-60.221437
38812.500000	-59.038449
38825.000000	-58.367012
38837.500000	-58.286599
38850.000000	-58.232407
38862.500000	-58.571866
38875.000000	-59.888913
38887.500000	-61.750894
38900.000000	-62.674591
38912.500000	-61.976024
38925.000000	-60.595983
38937.500000	-59.174218
38950.000000	-59.007902
38962.500000	-60.097536
38975.000000	-60.777791
38987.500000	-60.458995
39000.000000	-59.786147
39012.500000	-59.066467
39025.000000	-58.807681
39037.500000	-59.093519
39050.000000	-59.930185
39062.500000	-61.355725
39075.000000	-62.767313
39087.500000	-62.588012
39100.000000	-62.204183
39112.500000	-61.940377
39125.000000	-61.014065
39137.500000	-59.908791
39150.000000	-59.242873
39162.500000	-59.923050
39175.000000	-61.725398
39187.500000	-62.939112
39200.000000	-62.894599
39212.500000	-61.597426
39225.000000	-60.913353
39237.500000	-60.971814
39250.000000	-61.025473
39262.500000	-61.916242
39275.000000	-63.445957
39287.500000	-64.875512
39300.000000	-65.025954
39312.500000	-62.938302
39325.000000	-61.544271
39337.500000	-61.170163
39350.000000	-60.900063
39362.500000	-60.772382
39375.000000	-60.327029
39387.500000	-59.621440
39400.000000	-59.586407
39412.500000	-60.715605
39425.000000	-62.660810
39437.500000	-64.139138
39450.000000	-63.708376
39462.500000	-62.632198
39475.000000	-62.235276
39487.500000	-62.305102
39500.000000	-61.656679
39512.500000	-60.698936
39525.000000	-59.876660
39537.500000	-59.282922
39550.000000	-58.957729
39562.500000	-59.004705
39575.000000	-59.973220
39587.500000	-62.115719
39600.000000	-63.180593
39612.500000	-61.532436
39625.000000	-61.282033
39637.500000	-62.818647
39650.000000	-62.843710
39662.500000	-61.164997
39675.000000	-59.669824
39687.500000	-59.395122
39700.000000	-60.116632
39712.500000	-60.427420
39725.000000	-60.072160
39737.500000	-60.094078
39750.000000	-60.839712
39762.500000	-61.044825
39775.000000	-60.918020
39787.500000	-62.205379
39800.000000	-63.428304
39812.500000	-62.332475
39825.000000	-61.625489
39837.500000	-61.203733
39850.000000	-60.131222
39862.500000	-58.756090
39875.000000	-58.204010
39887.500000	-58.815042
39900.000000	-59.395557
39912.500000	-59.174936
39925.000000	-59.088048
39937.500000	-59.771697
39950.000000	-61.321653
39962.500000	-53.131683
39975.000000	-42.611005
39987.500000	-36.651842
